query_id	tema	tipo_query	query_text	criterio_relevancia_alta	observacoes_negativos_dificeis	num_pedido_normalizado	numero_inpi	titulo	resumo	origem	sistemas	n_sistemas	melhor_posicao	relevancia_llm	justificativa_llm	relevancia_final	revisor
QA006	purificacao_agua	natural	encontrar tecnologias que limpam água contaminada com metais tóxicos	Patentes focadas em descontaminação de água contendo metais pesados ou íons tóxicos	Tratamento biológico sem metais; mineração sem purificação de água	BR112017010297	112017010297	SISTEMA DE PURIFICAÇÃO DE ÁGUA E VASO CILÍNDRICO	A presente invenção refere-se a um sistema de purificação da água que inclui um tanque de água a alta temperatura, uma fonte de calor sem chama, um vaso cilíndrico (ninho de hidrociclones), uma primeira bomba, um medidor da produção de vapor d'água, e um condensador de vapor d'água e um trocador de calor. A água contaminada é aquecida dentro do tanque de água a alta temperatura ao usar a fonte de calor sem chama. A água contaminada aquecida aquece o vaso cilíndrico e uma ou mais conjuntos de hidrociclones. A água contaminada aquecida é bombeada ao vaso cilíndrico de maneira tal que a água contaminada aquecida entra em uma entrada tangencial dos hi-drociclones, os hidrociclones separam a água contaminada aquecida em vapor d'água e sólidos/concentrado, o vapor d'água sai através de um fluxo superior dos hidrociclones e de uma primeira saída do vaso cilíndrico, da saída de sólidos/concentrado com um fluxo inferior dos hidrociclones e de uma segunda saída do vaso cilíndrico. O vapor d'água é condensado em água purificada ao usar o condensador de vapor d'água e o trocador de calor.	pooling	bm25_hier|bm25_ipc|bm25_tr	3	1	2	Sistema de purificacao de agua contaminada; metais toxicos nao explicitados		
QA006	purificacao_agua	natural	encontrar tecnologias que limpam água contaminada com metais tóxicos	Patentes focadas em descontaminação de água contendo metais pesados ou íons tóxicos	Tratamento biológico sem metais; mineração sem purificação de água	BR102017006907	102017006907	Processo de tratamento de lixiviado de aterro sanitário por oxiamonólise	processo de tratamento de lixiviado de aterro sanitário por oxiamonólise. patente de invenção de processo de tratamento de lixiviado de aterro sanitário que compreende três etapas, 1ª etapa físico-química com retirada de sólido inerte classe ii-b, 2ª etapa de filtração e 3ª etapa oxidação catalítica e amonólise por redução catódica, obtendo um efluente tratados que satisfaz a legislação ambiental quanto ao descarte ou reutilização da água.	pooling	bm25_hier|bm25_ipc	2	2	2	Tratamento de lixiviado de aterro com IPC de metais pesados e ions		
QA006	purificacao_agua	natural	encontrar tecnologias que limpam água contaminada com metais tóxicos	Patentes focadas em descontaminação de água contendo metais pesados ou íons tóxicos	Tratamento biológico sem metais; mineração sem purificação de água	BR102017006908	102017006908	Processo de extração e purificação de substâncias húmicas de lixiviado de aterro sanitário	processo de extração e purificação de substâncias húmicas de lixiviado de aterro sanitário. patente de invenção de processo de extração e purificação de substâncias húmicas de lixiviado de aterro sanitário que compreende quatro etapas, 1ª etapa físico-química com retirada de sólido inerte classe ii-b, 22 etapa de filtração, 3ª etapa de purificação das substâncias húmicas com coluna de troca fônica seguida de osmose reversa e 4á etapa oxidação catalítica e amonólise por redução catódica, obtendo um efluente tratados que satisfaz a legislação ambiental quanto ao descarte ou reutilização da água.	pooling	bm25_hier|bm25_ipc	2	3	2	Purificacao de lixiviado por troca ionica e osmose reversa, remocao de ions		
QA006	purificacao_agua	natural	encontrar tecnologias que limpam água contaminada com metais tóxicos	Patentes focadas em descontaminação de água contendo metais pesados ou íons tóxicos	Tratamento biológico sem metais; mineração sem purificação de água	BR102018013293	102018013293	SISTEMA DE PURIFICAÇÃO E AJUSTE FÍSICO-QUÍMICO DE ÁGUA	SISTEMA DE PURIFICAÇÃO E AJUSTE FÍSICO-QUÍMICO DE ÁGUA Os princípios construtivos e funcionalidades encontradas na presente invenção são aplicáveis ao setor de purificação, ajustes físico-químicos e envase de água para consumo humano. É objeto do presente invento um sistema de purificação, ajuste físico-químico e envase de água para consumo humano, compreendendo os seguintes elementos: Um primeiro trocador de calor de placas intercambiáveis; um filtro de sílica de alta pressão; um filtro de carvão ativado de alta pressão; um trocador de íons; um sistema duplo de osmose reversa; um sistema ozonizador; meios de adição de sais minerais; e meios para ajuste da concentração de hidrogênio. Alternativamente, o sistema poderá incluir uma máquina de envase.	pooling	bm25_hier|bm25_ipc	2	5	2	Purificacao de agua com trocador de ions e osmose reversa		
QA006	purificacao_agua	natural	encontrar tecnologias que limpam água contaminada com metais tóxicos	Patentes focadas em descontaminação de água contendo metais pesados ou íons tóxicos	Tratamento biológico sem metais; mineração sem purificação de água	BR102021004721	102021004721	PROCESSO DE TRATAMENTO DE CHORUME POR PRECIPITAÇÃO E CARBONATAÇÃO E PRODUTO OBTIDO ATRAVÉS DO MESMO	PROCESSO DE TRATAMENTO DE CHORUME POR PRECIPITAÇÃO E CARBONATAÇÃO E PRODUTO OBTIDO ATRAVÉS DO MESMO. Trata-se a presente patente de invenção de um processo de tratamento de Chorume gerado nos aterros industriais e municipais, assim como os produtos obtidos através do mesmos como composto agrícola, pertencente ao setor químico, particularmente trata-se de um processo para precipitar, carbonatar, sedimentar ,oxidar, filtrar e centrifugar o resíduo do lodo gerado nos aterros, sem uso de polímeros. O processo de tratamento de chorume por precipitação e carbonatação, resume-se nas seguintes etapas: 1.1.- proporcionalidade de alimentação do líquido em sistema semi-contínuo; 1.2.- adição do coagulante policloreto de alumínio; 1.3.- adição do hidróxido de cálcio para ajuste do ph alcalino; 1.4 _x0096_ carbonatação; 1.5.- sedimentação; 1.6.- centrifugação; 1.7.- separação do produto centrifugado; 1.8- filtração dá agua em filtro mineral; e 1.9- descarte da água em meio hídrico. O material sólido obtido é um lodo com alta concentração de sólidos que será usado para a fabricação de pavers de concreto e cerâmica vermelha como fonte de carga e liga de resistência mecânica.	pooling	bm25_hier|bm25_ipc	2	8	2	Tratamento de chorume por precipitacao, remove carga inorganica		
QA006	purificacao_agua	natural	encontrar tecnologias que limpam água contaminada com metais tóxicos	Patentes focadas em descontaminação de água contendo metais pesados ou íons tóxicos	Tratamento biológico sem metais; mineração sem purificação de água	BR102018009266	102018009266	PROCESSO PARA SÍNTESE DE NANOTUBOS DE HIDRÓXIDOS DUPLOS LAMELARES, NANOTUBOS DE HIDRÓXIDOS DUPLOS LAMELARES E SEUS USOS	A presente invenção refere-se a um processo para síntese de nanotubos de hidróxidos duplos lamelares a partir da decoração de micelas surfactantes. Os materiais resultantes são nanotubos porosos autosuportados de HDLs hierárquicos que apresentam elevada área superficial e mesoporos cilíndricos acessíveis. Tais nanotubos são aplicados como catalisadores, suportes catalíticos, retardadores de chama, filtros de purificação de água e resíduos industriais e veículos para administração de substâncias farmacêuticas.	pooling	bm25_hier	1	8	2	Nanotubos de HDL aplicados como filtros de purificacao de agua e residuos		
QA006	purificacao_agua	natural	encontrar tecnologias que limpam água contaminada com metais tóxicos	Patentes focadas em descontaminação de água contendo metais pesados ou íons tóxicos	Tratamento biológico sem metais; mineração sem purificação de água	BR112023013658	112023013658	Sistemas e métodos de operação de sistemas de filtragem de água	sistemas e métodos de operação de sistemas de filtragem de água. trata-se de um aspecto da presente divulgação que é direcionado aos métodos e aos sistemas para filtragem de água que podem ou não incluir compostos de incrustação/depósito na água de alimentação. em vez disso, os sistemas e métodos consistentes com a presente divulgação podem operar com o uso de um sistema/configuração de membrana que inclui uma corrente de alimentação de entrada, corrente de permeado de saída e uma corrente de sangria com uma concentração cada vez maior de contaminantes retidos na corrente de sangria.	pooling_corpus1000	bm25_corpus1000	1		2	Sistemas de filtragem de agua por membrana com controle de incrustacao		
QA006	purificacao_agua	natural	encontrar tecnologias que limpam água contaminada com metais tóxicos	Patentes focadas em descontaminação de água contendo metais pesados ou íons tóxicos	Tratamento biológico sem metais; mineração sem purificação de água	BR112022025627	112022025627	MÉTODO DE SECAGEM DE ÁGUA VERMELHA PROVENIENTE DO PROCESSO DE PURIFICAÇÃO DE TRINITROTOLUENO, PÓ E PRODUTO EMBALADO	MÉTODO DE SECAGEM DE ÁGUA VERMELHA PROVENIENTE DO PROCESSO DE PURIFICAÇÃO DE TRINITROTOLUENO, PÓ E PRODUTO EMBALADO. A presente invenção refere-se, de maneira geral, a um método de secagem do efluente proveniente do processo de purificação de trinitrotolueno (TNT), conhecido como água vermelha, que utiliza de maneira eficiente, aprimorada e segura secagem por pulverização. A presente invenção também contempla as características do pó obtido seu uso e um produto embalado contendo o mesmo. A técnica proposta sugere uso de temperaturas inferiores a incineração de líquido (< 300ºC contra 1.000ºC) além do fato do material de interesse principal não ser decomposto, não gerando gases tóxicos e possibilitando o uso do pó seco em outras aplicações.	pooling	bm25_ipc|bm25_tr	2	3	1	Trata efluente de TNT por secagem, contaminacao organica e nao metalica		
QA006	purificacao_agua	natural	encontrar tecnologias que limpam água contaminada com metais tóxicos	Patentes focadas em descontaminação de água contendo metais pesados ou íons tóxicos	Tratamento biológico sem metais; mineração sem purificação de água	BR112015030282	112015030282	MÉTODO DE RECUPERAÇÃO DE COBRE E DE METAIS PRECIOSOS	MÉTODO DE RECUPERAÇÃO DE COBRE E DE METAIS PRECIOSOS A presente invenção refere-se a um método de recuperação de cobre e de um ou mais metais preciosos, a partir de um minério ou concentrado de sulfeto contendo cobre, compreendendo a lixiviação do minério e/ou concentrado contendo cobre sob condições atmosféricas ou ligeiramente pressurizadas, a uma temperatura abaixo do ponto de ebulição da solução de lixívia, em uma solução de ácido sulfúrico na presença de um ou mais halogenetos de metal alcalino ou metal alcalino terroso, em que a concentração total do halogeneto é de 30 a 115 g/L, para dissolver o cobre e obter um licor de lixiviação compreendendo cobre, espécies de enxofre e halogenetos na solução. O licor de lixiviação é depois submetido a uma separação do tipo sólido-líquido, após o que uma primeira solução aquosa impregnada de lixívia e um resíduo de lixiviação exaurido de cobre são obtidos. O cobre é purificado por extração por solvente da primeira solução aquosa impregnada de lixívia, para se obter uma primeira solução orgânica enriquecida contendo cobre e um primeiro refinado aquoso. A solução orgânica enriquecida contendo cobre é extraída e o cobre é recuperado de uma solução de extração que contém quantidades de traços de cloretos.	pooling	bm25_ipc|bm25_tr	2	5	1	Recuperacao hidrometalurgica de cobre; metais sim, limpeza de agua nao		
QA006	purificacao_agua	natural	encontrar tecnologias que limpam água contaminada com metais tóxicos	Patentes focadas em descontaminação de água contendo metais pesados ou íons tóxicos	Tratamento biológico sem metais; mineração sem purificação de água	BR102022009813	102022009813	Processo hidráulico de tratamento de água com fonte geradora de ozônio	processo hidráulico de tratamento de água com fonte geradora de ozônio. a presente invenção refere-se a um processo hidráulico (1), que compreende um corpo principal (1), fechado por uma tampa frontal (2), uma entrada de água (3), uma saída de água (4) e dois furos (5) posteriores para fixação do gabinete à parede, o botão liga e desliga (6) e as luzes de led (7), um sistema hidráulico (8) existente a conexão de saída acoplada a uma torneira, primeiramente a água passa pelos filtros de retenção de partículas e impurezas (9), (10) e (11), para retirada de materiais sólidos e em seguida passa pelo filtro de carvão ativado (12), que retira os odores e turbidez da água e ao passar pela fonte geradora de ozônio (13), ocorre o processo de sanitização matando bactérias que ainda estiverem presentes na água e servirá para oferecer água potável para pessoas de todas as idades em ambiente domiciliar, que vem atender de maneira segura, grande parte da população, que coleta água da chuva, de barreiros, caminhão pipa, armazenada em cisternas ou tanques entre outros, necessidade essa enfrentada por pessoas que tem dificuldade ao acesso à água potável própria para o consumo, sem odor, cor, metais e sanitizada.	pooling	bm25_ipc|bm25_tr	2	6	1	Tratamento de agua por ozonio e filtros, sem foco em metais		
QA006	purificacao_agua	natural	encontrar tecnologias que limpam água contaminada com metais tóxicos	Patentes focadas em descontaminação de água contendo metais pesados ou íons tóxicos	Tratamento biológico sem metais; mineração sem purificação de água	BR112018004742	112018004742	PROCESSO PARA RECUPERAÇÃO DE POTÁSSIO A PARTIR DE ÁGUA DE LAVAGEM BIOMETANADA (BMSW) COM MELHORAMENTO CONCOMITANTE DE QUALIDADE DE EFLUENTE DE PROCESSO	PROCESSO PARA RECUPERAÇÃO DE POTASSA A PARTIR DE ÁGUA DE LAVAGEM BIOMETANADA COM REMEDIAÇÃO AMBIENTAL CONCOMITANTE DE EFLUENTE. Por tratar-se a presente invenção de destilarias de álcool à base de melaço que geram efluente altamente contaminado, de cor escura e odor desagradável (água de lavagem biometanada, BMSW, também conhecida como efluente pós-metanado). Embora as práticas que prevalecem para tratamento de efluentes de destilaria de álcool operem sob as premissas de _x0093_gerenciamento de responsabilidades_x0094_, o alto teor de potássio de lavagem residual (aproximadamente 2% em p/v em BMSW) oferece uma oportunidade para sua utilização em produção de fertilizantes de potassa - um insumo agrícola fundamental. A presente invenção fornece processo para recuperação de potassa a partir de BMSW com remediação ambiental concomitante de efluente. O processo envolve prétratamento de BMSW seguido por recuperação de potassa através de técnica de precipitação seletiva para produzir fertilizantes de potassa e carbono ativado enquanto gera um efluente relativamente benigno (>80% de remediação). Pode ser adicionalmente possível que as destilarias de álcool alcancem a situação de ZLD incorporando-se técnicas de recuperação de água comercialmente praticadas (a saber, evaporação de efeito múltiplo/nanofiltração/osmose reversa, etc.) para processamento a jusante do efluente de processo.	pooling	bm25_hier	1	6	1	Recupera potassio de efluente com melhoria de qualidade; nao e metal toxico		
QA006	purificacao_agua	natural	encontrar tecnologias que limpam água contaminada com metais tóxicos	Patentes focadas em descontaminação de água contendo metais pesados ou íons tóxicos	Tratamento biológico sem metais; mineração sem purificação de água	BR112017016833	112017016833	MÓDULO ELETROLÍTICO DISCRETO DE CARTUCHO, SISTEMA E MÉTODO DE USAR O MESMO	CARTUCHO ELETROLÍTICO, SISTEMAS E MÉTODOS DE USAR O MESMO. Cartuchos eletrolíticos para, sistemas para, e métodos de eletrolisar uma solução salina de água e um sal alcalino para produzir água eletrolisada ácida e água eletrolisada alcalina são fornecidos. O sistema inclui uma câmara interna para receber a solução salina e pelo menos dois cartuchos eletrolíticos imersos em um banho salino. Cada cartucho eletrolítico inclui um eletrodo, uma membrana seletiva de íon disposta em um lado do eletrodo de modo a definir um espaço adjacente a pelo menos uma porção do eletrodo, um inserto permeável cobrindo a membrana seletiva de íon em um lado oposto do espaço, e uma placa de ligação disposta no inserto permeável em um lado oposto ao lado faceando a membrana seletiva de íon. Os métodos reciclam pelo menos porção de água eletrolisada alcalina na alimentação de um carregado positivamente.	pooling	bm25_hier	1	7	1	Eletrolise de solucao salina para agua eletrolisada, sem remocao de metais		
QA006	purificacao_agua	natural	encontrar tecnologias que limpam água contaminada com metais tóxicos	Patentes focadas em descontaminação de água contendo metais pesados ou íons tóxicos	Tratamento biológico sem metais; mineração sem purificação de água	BR102021006014	102021006014	PROCESSO ALTERNATIVO DE FABRICAÇÃO DE BARRILHA A PARTIR DE SALMOURA EXTRAÍDA DIRETO DO MAR	PROCESSO ALTERNATIVO DE FABRICAÇÃO DE BARRILHA A PARTIR DE SALMOURA EXTRAÍDA DIRETO DO MAR. A presente patente de invenção tem por objeto um processo industrial replicável e compacto de produção de barrilha a partir de salmoura e calcário, onde sua instalação é sugerida em região produtora de sal para que a captação de salmoura saturada seja feita diretamente da água do mar com posterior tratamento por membranas capazes de retirar resíduos de componentes não participantes do processo. Para o tratamento da salmoura, a água do mar é retirada para ser submetida a sucessivas filtragens em 3 etapas a fim de retirar os componentes indesejados ao processo; Na primeira filtragem, retira-se matéria grossa que possa existir na água como algas, pedras, animais, etc; A segunda filtragem, que ocorre na sequência, retira materiais particulados, como areia, detritos e fragmentos de minerais em suspensão; Já a terceira filtragem trata-se de uma desinfecção química e física, obtendo assim o que se chama de salmoura purificada.	pooling	bm25_hier	1	11	1	Tratamento de salmoura por membranas para producao de barrilha		
QA006	purificacao_agua	natural	encontrar tecnologias que limpam água contaminada com metais tóxicos	Patentes focadas em descontaminação de água contendo metais pesados ou íons tóxicos	Tratamento biológico sem metais; mineração sem purificação de água	BR112020010687	112020010687	Compostos para separação de elementos de terras raras e metais s, p, d, método de separação e uso dos mesmos	a presente invenção se refere a compostos de fórmula geral (i) para separa-ção cromatográfica de elementos de terras raras e/ou metais s, p, d, assim como ao método de separação de elementos de terras raras.	pooling_corpus1000	bm25_corpus1000	1		1	Separacao cromatografica de terras raras e metais, nao aplicada a agua		
QA006	purificacao_agua	natural	encontrar tecnologias que limpam água contaminada com metais tóxicos	Patentes focadas em descontaminação de água contendo metais pesados ou íons tóxicos	Tratamento biológico sem metais; mineração sem purificação de água	BR102022012852	102022012852	DISPOSITIVO DE REAPROVEITAMENTO DE ÁGUA	DISPOSITIVO DE REAPROVEITAMENTO DE ÁGUA. A patente MAIS WATER DISPOSITIVO DE REAPROVETAMENTO DE ÁGUA trata-se de um dispositivo, que permite a utilização de água de reuso (que pode ser ares condicionados, máquinas de lavar roupas, calhas de telhados, etc.) em finalidades não potáveis (como mictórios, caixa de descarga de bacias sanitárias, torneiras de jardim, etc.) em andares inferiores ao andar da fonte de água de reuso. O dispositivo é um produto inovador voltado para o setor técnico de instalações hidráulicas prediais, sendo caracterizado por operar sem necessidade de energia elétrica (bombas ou outros dispositivos eletromecânicos) e sem nenhuma intervenção humana (como abertura e fechamento de algum registro). O dispositivo Mais Water opera integrando a água de reuso com a água do sistema convencional sem, no entanto, contaminar a rede hidráulica convencional da edificação. O dispositivo Mais Water recebe prioritariamente água de reuso e,somente quando esta for em volume insuficiente, recebe também água do sistema convencional, mantendo a operação normal nos pontos de utilização. O dispositivo é instalado de forma a ficar invisível e imperceptível, entre o forro e a laje superior do banheiro ou outro local dos andares inferiores. Para aumentar a capacidade de acumulação de água de reuso é possível a instalação de reservatórios complementares que podem ser instalados em série ou paralelo. Estes reservatórios possuem altura inferior a altura total do dispositivo Mais Water e são de pequenos diâmetros permitindo sua instalação sobre o forro entre a tubulação de esgoto dos andares superiores.	pooling_corpus1000	bm25_corpus1000	1		1	Reaproveitamento de agua de reuso para fins nao potaveis, sem remocao de metais		
QA006	purificacao_agua	natural	encontrar tecnologias que limpam água contaminada com metais tóxicos	Patentes focadas em descontaminação de água contendo metais pesados ou íons tóxicos	Tratamento biológico sem metais; mineração sem purificação de água	BR112018067370	112018067370	MÉTODO E APARELHO PARA REMOÇÃO DE OXIGÊNIO DA ÁGUA DO MAR.	A presente invenção refere-se a um método para remoção de oxigênio da água do mar que compreende as seguintes etapas: - levar uma corrente de água do mar (1) a ser tratada e um gás de arraste pressurizado (2) a um primeiro misturador (3) e misturar a água do mar (1) com gás de arraste (2); - levar a corrente combinada (4) de água do mar (1) e gás de arraste (2) a um primeiro separador em linha de gás/líquido (5) e separar a corrente (4) em uma fase rica em líquido (6) e rica em gás (11); - levar a corrente de líquido (6) e uma corrente de gás de arraste (7) contendo CO2 e água a um segundo misturador (8) e misturar a corrente de líquido (6) com a corrente de gás (7); - levar a corrente combinada (9) do segundo misturador (8) a um separador em linha de gás/líquido de segundo estágio (10) e separar a corrente combinada em uma fase rica em líquido (14) e rica em gás (15); - misturar a corrente de gás (11) do primeiro separador de gás/líquido (5) com uma corrente de água doce (22) e levar essa corrente combinada a um depurador de primeiro estágio (12) e remover uma porção principal do sal captado na corrente combinada do depurador (12); - levar a corrente de gás depletada de sal (16) do primeiro depurador (12) através de um trocador de calor ou preaquecedor elétrico (17) juntamente com uma corrente de combustível (18) para um desoxidante catalítico (13) e reagir o combustível (18) e oxigênio (19) a um CO2, H2O na corrente de gás de arraste (7) e misturar essa corrente de gás (7) com a corrente de líquido (6) do separador de primeiro estágio (5); - misturar a corrente de gás (15) do separador de segundo estágio (10) com água doce para remover ou diluir o sal captado na corrente de gás (15) e levar a corrente de gás resultante a um compressor (23); - combinar a corrente de gás depletada de sal (2) do compressor (23) e da água do mar (1) a ser tratada.	pooling_corpus1000	bm25_corpus1000	1		1	Remocao de oxigenio da agua do mar; contaminante nao metalico		
QA006	purificacao_agua	natural	encontrar tecnologias que limpam água contaminada com metais tóxicos	Patentes focadas em descontaminação de água contendo metais pesados ou íons tóxicos	Tratamento biológico sem metais; mineração sem purificação de água	BR202021016819	202021016819	DISPOSITIVO AUTOMATIZADO DE DESCARTE E FILTRAGEM DE ÁGUA DA CHUVA PARA APROVEITAMENTO E USO NÃO POTÁVEL	DISPOSITIVO AUTOMATIZADO DE DESCARTE E FILTRAGEM DE ÁGUA DA CHUVA PARA APROVEITAMENTO E USO NÃO POTÁVEL. O presente modelo de utilidade se refere a um dispositivo automatizado de descarte e filtragem de água da chuva para aproveitamento e uso não potável composto por um sistema de desvio (1), um sistema de filtragem (2) e uma caixa de controle (3) desses sistemas. Especificamente, o presente modelo de utilidade pertence ao campo da Engenharia Ambiental.	pooling_corpus1000	bm25_corpus1000	1		1	Filtragem de agua de chuva para uso nao potavel		
QA006	purificacao_agua	natural	encontrar tecnologias que limpam água contaminada com metais tóxicos	Patentes focadas em descontaminação de água contendo metais pesados ou íons tóxicos	Tratamento biológico sem metais; mineração sem purificação de água	BR112018003056		MÉTODO E USO DE ÁCIDO PERACÉTICO PARA REDUZIR EMISSÕES DE MERCÚRIO	Trata-se de um método para a redução e impedimento de emissões de mercúrio no ambiente de combustíveis fósseis queimados ou outros gases de exaustão com o uso de ácido peracético. O ácido peracético é usado para a captura de mercúrio a partir dos gases de combustão resultantes com o uso de um sistema ou depurador de dessulfurização de gás de combustão. O método usa ácido peracético em combinação com um depurador para capturar mercúrio e reduzir sua emissão e/ou reemissão com gases de chaminé. O método permite o uso de carvão como um limpador e fonte de combustível mais favorável ao meio ambiente, assim como capturar mercúrio a partir de outros sistemas de processamento.	herdado_da_derivada				1	Reduz emissoes de mercurio de gases de combustao, nao de agua		
QA006	purificacao_agua	natural	encontrar tecnologias que limpam água contaminada com metais tóxicos	Patentes focadas em descontaminação de água contendo metais pesados ou íons tóxicos	Tratamento biológico sem metais; mineração sem purificação de água	BR112023000757	112023000757	PROCESSO PARA CRAQUEAMENTO CATALÍTICO E CATALISATOR DE FCC DE EQUILÍBRIO	PROCESSO PARA CRAQUEAMENTO CATALÍTICO E CATALISATOR DE FCC DE EQUILÍBRIO. Processo para craqueamento catalítico de uma matéria-prima de craqueamento catalítico fluido (FCC) contaminada com ferro. O processo pode incluir a combinação um catalisador de FCC, uma pasta fluida que contém um composto de magnésio e uma matéria-prima de FCC contaminada com ferro durante um processo de FCC sob condições de craqueamento catalítico fluido, gerando assim um catalisador de FCC de equilíbrio com envenenamento por ferro reduzido. A pasta fluida que contém o composto de magnésio pode não conter um composto de cálcio.	pooling	bm25_ipc|bm25_tr	2	2	0	Craqueamento catalitico FCC contaminado com ferro, nao trata agua		
QA006	purificacao_agua	natural	encontrar tecnologias que limpam água contaminada com metais tóxicos	Patentes focadas em descontaminação de água contendo metais pesados ou íons tóxicos	Tratamento biológico sem metais; mineração sem purificação de água	BR102021008211	102021008211	SISTEMAS DE MICROEMULSÃO PARA EXTRAÇÃO E DESLOCAMENTO DE PETRÓLEO EM ROCHAS DE ARENITO	SISTEMAS DE MICROEMULSÃO PARA EXTRAÇÃO E DESLOCAMENTO DE PETRÓLEO EM ROCHAS DE ARENITO. A presente invenção propicia a obtenção de formulações de microemulsão sem a presença de fase oleosa para a remoção de petróleo de superfícies sólidas, especificamente em rochas de arenito. A impregnação de petróleo em superfícies sólidas é um grande desafio devido à necessidade de purificar ambientes afetados por desastres ambientais e acidentes relacionados à indústria de petróleo e gás. Dessa forma, justifica-se o estudo e desenvolvimento de tecnologias capazes de evitar ou remediar os efeitos que a contaminação de petróleo em superfícies sólidas possa ocasionar. Diversas tecnologias apresentam-se como candidatas promissoras à remedição de superfícies contaminadas, porém muitas delas podem apresentar alto custo de execução, como no caso de microemulsões clássicas, ou geração de resíduos secundários. O processo da presente invenção não apresenta essas desvantagens, constituindo-se em obter sistemas de microemulsão contendo tensoativos não iônicos de diferentes graus de etoxilação (álcool lauril com 10, 8 e 6 ligações de etoxilação), álcool de cadeia curta (1-butanol) e água destilada para a extração de petróleo pesado bruto impregnado em rochas de arenito. As formulações apresentadas são capazes de utilizar baixas composições de matéria ativa, diferentemente das microemulsões clássicas as quais, na maioria dos casos, necessitam de alta quantidade de tensoativo.	pooling	bm25_ipc|bm25_tr	2	4	0	Microemulsao para extracao de petroleo em arenito		
QA006	purificacao_agua	natural	encontrar tecnologias que limpam água contaminada com metais tóxicos	Patentes focadas em descontaminação de água contendo metais pesados ou íons tóxicos	Tratamento biológico sem metais; mineração sem purificação de água	BR102017008470	102017008470	PROCESSO DE OBTENÇÃO DE SÍLICA PROVENIENTE DA CINZA IN NATURA DO BAGAÇO DE CANA-DE-AÇÚCAR	A presente invenção trata do processo de produção da sílica MP2, que utiliza a cinza do bagaço da cana-de-açúcar (in natura), um resíduo da indústria sucroalcooleira para produção de silicatos de metais alcalinos. É feita uma mistura da matéria-prima, sem qualquer tipo de pré-tratamento, com uma substância alcalina, na faixa de 50% a 85% m/m, com posterior aquecimento a uma faixa de temperatura entre 300° C e 700° C, pelo tempo de 1h a 6h. Após a solubilização do silicato, é realizada uma acidificação com um ácido inorgânico, para pH entre 8 e 10, para que haja a precipitação da sílica. Posteriormente à precipitação, é realizada uma filtração para a retirada do excesso de água e, em seguida, realiza-se a secagem em estufa em uma faixa de temperatura de 50° C a 120° C durante um tempo compreendido entre 3h e 8h.	pooling	bm25_ipc|bm25_tr	2	9	0	Obtencao de silica de cinza de bagaco		
QA006	purificacao_agua	natural	encontrar tecnologias que limpam água contaminada com metais tóxicos	Patentes focadas em descontaminação de água contendo metais pesados ou íons tóxicos	Tratamento biológico sem metais; mineração sem purificação de água	BR112019025160	112019025160	MÉTODO PARA PROCESSAR UM MINÉRIO CONCENTRADO DE TERRAS RARAS E SISTEMA PARA REALIZAR UM MÉTODO PARA PROCESSAR UM MINÉRIO CONCENTRADO DE TERRAS RARAS	Trata-se de um método e sistema para tratamento de concentrado de terras raras. O método compreende: (1) mistura de concentrado de terras raras com ácido sulfúrico concentrado para obter uma pasta misturada e um primeiro gás contendo flúor; (2) misturar a pasta misturada com um líquido iniciador para tratamento de acidólise para obter clínquer e um segundo gás contendo flúor; (3) misturar o clínquer com água e realizar tratamento de lixiviação para obter uma pasta de lixiviação; e (4) realizar separação sólido-líquido na pasta de lixiviação para obter um filtrado e resíduos de lixiviação e para os resíduos de lixiviação, retornando à etapa (2) para executar o tratamento de acidólise.	pooling	bm25_hier	1	4	0	Processamento de minerio de terras raras		
QA006	purificacao_agua	natural	encontrar tecnologias que limpam água contaminada com metais tóxicos	Patentes focadas em descontaminação de água contendo metais pesados ou íons tóxicos	Tratamento biológico sem metais; mineração sem purificação de água	BR112019012882	112019012882	MÉTODO PARA PRODUZIR PELOTAS DE CROMITA ENDURECIDAS CONTENDO NÍQUEL, MÉTODO PARA PRODUZIR LIGA DE NÍQUEL FERROCROMO E PELOTA DE CROMITA ENDURECIDA	Um método é descrito para produzir pelotas de cromita endurecidas contendo níquel. O método compreende fornecer uma mistura moída contendo ferro e material contendo cromo e opcionalmente carbono e opcionalmente aditivos; fornecer material contendo níquel compreendendo compostos de níquel precipitados a partir de um processo para refinação hidrometalúrgica de matéria-prima contendo níquel, agente de ligação, e opcionalmente agente de fluxo; misturar material contendo níquel, agente de ligação e opcionalmente agente de fluxo na mistura moída para produzir uma mistura de aglomeração; aglomerar a mistura de aglomeração para produzir pelotas verdes; e endurecer as pelotas verdes para produzir pelotas de cromita endurecidas. O método compreende tratamento térmico do material contendo níquel antes de misturar o material contendo níquel na mistura moída para remover enxofre, água, possíveis carbonatos e voláteis a partir do material contendo níquel e para produzir óxidos de níquel no material contendo níquel.	pooling	bm25_hier	1	5	0	Pelotas de cromita com niquel, metalurgia		
QA006	purificacao_agua	natural	encontrar tecnologias que limpam água contaminada com metais tóxicos	Patentes focadas em descontaminação de água contendo metais pesados ou íons tóxicos	Tratamento biológico sem metais; mineração sem purificação de água	BR112022005351	112022005351	RESÍDUO DE HEXANO PURIFICADO, COMPOSIÇÃO DE ADESIVA, MÉTODO PARA ADERIR DOIS ARTIGOS JUNTOS E PARA LIMPAR UMA SUPERFÍCIE DE UM ARTIGO, USO DO RESÍDUO DE HEXANO PURIFICADO, E, SISTEMA DE SOLVENTE	RESÍDUO DE HEXANO PURIFICADO, COMPOSIÇÃO DE ADESIVA, MÉTODO PARA ADERIR DOIS ARTIGOS JUNTOS E PARA LIMPAR UMA SUPERFÍCIE DE UM ARTIGO, USO DO RESÍDUO DE HEXANO PURIFICADO, E, SISTEMA DE SOLVENTE. Um resíduo de hexano purificado pode incluir n-hexano, um ou mais isômeros de hexano, um ou mais metais selecionados do grupo que consiste em Al, Ca, Mg, Ti ou uma mistura dos mesmos; água, monocloroetano, etanol e, opcionalmente, uma ou mais impurezas secundárias adicionais selecionadas do grupo que consiste em alcanos não C6, alcenos não C6.	pooling	bm25_tr	1	7	0	Residuo de hexano purificado para adesivos		
QA006	purificacao_agua	natural	encontrar tecnologias que limpam água contaminada com metais tóxicos	Patentes focadas em descontaminação de água contendo metais pesados ou íons tóxicos	Tratamento biológico sem metais; mineração sem purificação de água	BR112023018206	112023018206	Modificação de potências de transmissão de sinais de uplink associados às diferentes tecnologias de acesso via rádio (rats)	modificação de potências de transmissão de sinais de uplink associados às diferentes tecnologias de acesso via rádio (rats). esta revelação fornece sistemas, métodos e aparelhos para compartilhar um limite máximo de potência de transmissão entre uma primeira tecnologia de acesso via rádio (rat) e uma segunda rat. em um aspecto, um aparelho de comunicação sem fio pode reduzir o limite máximo de potência de transmissão de um primeiro sinal de uplink associado à primeira rat para obter uma primeira potência de transmissão. o aparelho de comunicação sem fio pode alocar uma segunda potência de transmissão, remanescente do limite máximo de potência de transmissão para um segundo sinal de uplink associado à segunda rat. o aparelho de comunicação sem fio pode reduzir o limite máximo de potência de transmissão, quando o aparelho de comunicação sem fio está localizado em um cell edge e uma prioridade mais alta da primeira rat em relação à segunda rat pode resultar na segunda potência de transmissão do segundo sinal de uplink não satisfazendo um limite.	pooling	bm25_tr	1	8	0	Potencia de uplink em redes de radio		
QA006	purificacao_agua	natural	encontrar tecnologias que limpam água contaminada com metais tóxicos	Patentes focadas em descontaminação de água contendo metais pesados ou íons tóxicos	Tratamento biológico sem metais; mineração sem purificação de água	BR112013011240	112013011240	PROCESSO E INSTALAÇÃO PARA PRODUÇÃO DE ALUMINA A PARTIR DE HIDRÓXIDO DE ALUMÍNIO	PROCESSO E INSTALAÇÃO PARA PRODUÇÃO DE ALUMINA A PARTIR DE HIDRÓXIDO DE ALUMÍNIO. A presente invenção refere-se à produção de alumina a partir de hidróxido de alumínio, a) o hidróxido de alumínio é purificado com água de lavagem em um filtro de hidrato, b) o hidróxido de alumínio purificado é pelo menos parcialmente secado e/ou pré-calcinado em pelo menos uma etapa de pré-aquecimento, c) esse hidróxido de alumínio pré tratado é calcinado em um reator de leito fluidizado para obter alumina, d) a alumina obtida é resfriada em pelo menos uma etapa de resfriamento indireto usando-se água como agente de resfriamento, e) o vapor (D) obtido da água de resfriamento devido à transferência de calor na etapa de resfriamento indireto é separado da fração líquida (A) da corrente de saída da etapa de resfriamento (E), f) e pelo menos uma corrente parcial (T) da fração líquida (A) é guiada para o filtro de hidrato e usada ali como água de lavagem para purificar o hidróxido de alumínio no filtro de hidrato. De acordo com a invenção, uma corrente de água adicional (Z) é adicionada à corrente parcial (T) da fração líquida (A) guiada para o filtro de hidrato e a razão de mistura das duas correntes (T, Z) é ajustada de forma que a corrente de água de lavagem (W) daí resultante tenha um valor constante de temperatura máxima abaixo do ponto de ebulição da água e o fluxo de volume requerido pelo filtro de hidrato como água de lavagem.	pooling	bm25_hier	1	9	0	Producao de alumina a partir de hidroxido de aluminio		
QA006	purificacao_agua	natural	encontrar tecnologias que limpam água contaminada com metais tóxicos	Patentes focadas em descontaminação de água contendo metais pesados ou íons tóxicos	Tratamento biológico sem metais; mineração sem purificação de água	BR112019015881	112019015881	PRODUTO CONTENDO EXOSSOMAS DERIVADOS DE PLANTA E USO DO MESMO	A presente invenção refere-se a um produto derivado de exossomas contendo plantas que podem ser utilizados no tratamento do cancro e cicatrização de feridas. A presente invenção permite fornecer um produto de baixo custo, o que não causa efeitos tóxicos no corpo humano, não causa danos nas células saudáveis durante o curso do tratamento do cancro, não coloca qualquer risco de infecção, uma vez que não requer qualquer procedimento tal como a radioterapia ou a cirurgia, e em que os efeitos secundários que ocorrem no tratamento de quimioterapia não são experimentados. Ponta, alho e gengibre pode ser usado sozinho ou em combinação na invenção como fonte de planta.	pooling	bm25_tr	1	10	0	Exossomas de planta para cancer e cicatrizacao		
QA006	purificacao_agua	natural	encontrar tecnologias que limpam água contaminada com metais tóxicos	Patentes focadas em descontaminação de água contendo metais pesados ou íons tóxicos	Tratamento biológico sem metais; mineração sem purificação de água	BR102016027731	102016027731	MÉTODO DE ANODIZAÇÃO SULFÚRICO-SILÂNICA COM INCORPORAÇÃO DE SILANOS NA SUPERFÍCIE PARA PROTEÇÃO CONTRA A CORROSÃO E CONDENSAÇÃO DE ÁGUA EM ALUMÍNIO	Método de anodização sulfúrico-silânica com incorporação de silanos na superfície para proteção contra a corrosão e condensação de água em alumínio A presente patente se refere a um processo de anodização de alumínio e suas ligas, bem como a preparação do respectivo eletrólito de anodização para obtenção de superfícies de alta resistência à corrosão e alta hidrofobicidade, num só passo. Os eletrólitos de anodização são compostos por água, etanol, ácido sulfúrico e algum alcoxissilano hidrofóbico hidrolisável, previamente hidrolisado ou não em solução alcoólica. Após a preparação do eletrólito de anodização, realiza-se imediatamente o processo de oxidação anódica, que resulta em camadas de óxido de alta resistência à corrosão e alta hidrofobicidade. Devido a essas características, o processo tem aplicação em peças sujeitas à corrosão atmosférica ou situações industriais onde a condensação de água é prejudicial, como em sistemas de refrigeração.	pooling	bm25_ipc	1	10	0	Anodizacao de aluminio contra corrosao		
QA006	purificacao_agua	natural	encontrar tecnologias que limpam água contaminada com metais tóxicos	Patentes focadas em descontaminação de água contendo metais pesados ou íons tóxicos	Tratamento biológico sem metais; mineração sem purificação de água	BR102022006685	102022006685	Nanoemulsão cosmética fotoprotetora, antioxidante e cicatrizante à base de óleo de linhaça (linum usitatissimum l.) e seu processo de obtenção	nanoemulsão cosmética fotoprotetora, antioxidante e cicatrizante à base de óleo de linhaça (linum usitatissimum l.) e seu processo de obtenção. a presente invenção refere-se ao desenvolvimento de nanoemulsões multifuncionais à base de óleo de linhaça para a veiculação de filtros ultravioleta (uv). as nanoemulsões contornam problemas de estabilidade das emulsões grosseiras e permitem que o efeito fotoprotetor seja alcançado com uma reduzida concentração de filtros ultravioleta, diminuindo a ocorrência de possíveis efeitos tóxicos. adicionalmente, o óleo de linhaça apresenta ácidos fenólicos e ácidos graxos insaturados em sua composição química, o que enriquece a nanoemulsão desenvolvida por atribuir atividades antioxidante e cicatrizante. os sistemas formulados apresentam alta faixa de concentração de óleo (entre 1% e 20%), tensoativos não-iônicos (entre 5,8% e 20%), filtros ultravioletas (entre 1% e 40%) e água purificada. além disso, foi possível incorporar filtros uv de aspecto solúvel e particulado em ambas as fases das formulações. as formulações foram caracterizadas ao longo do tempo quanto a aspectos macroscópicos e físico-químicos, que apontam sua estabilidade. dessa forma, as nanoemulsões contendo óleo de linhaça para a veiculação de filtros ultravioleta podem ser empregadas como formulações fotoprotetoras multifuncionais, fornecendo proteção contra os raios uv, atividade antioxidante e cicatrizante.	pooling	bm25_tr	1	11	0	Nanoemulsao cosmetica fotoprotetora		
QA006	purificacao_agua	natural	encontrar tecnologias que limpam água contaminada com metais tóxicos	Patentes focadas em descontaminação de água contendo metais pesados ou íons tóxicos	Tratamento biológico sem metais; mineração sem purificação de água	BR112022010663	112022010663	MÉTODO PARA O TRATAMENTO COSMÉTICO DE MATERIAIS DE QUERATINA QUE EMPREGA UMA COMPOSIÇÃO DE METAL DE TERRAS RARAS E UMA COMPOSIÇÃO ALCALINA	MÉTODO PARA O TRATAMENTO COSMÉTICO DE MATERIAIS DE QUERATINA QUE EMPREGA UMA COMPOSIÇÃO DE METAL DE TERRAS RARAS E UMA COMPOSIÇÃO ALCALINA. A invenção refere-se a um método para o tratamento cosmético de materiais de queratina, em particular materiais de queratina humanos, como a pele ou cabelo, que compreende uma etapa de aplicação de uma composição que compreende um composto de um metal que pertence ao grupo dos metais de terras raras, seguida de uma etapa de aplicação de uma composição alcalina.	pooling	bm25_tr	1	12	0	Tratamento cosmetico com metais de terras raras		
QA006	purificacao_agua	natural	encontrar tecnologias que limpam água contaminada com metais tóxicos	Patentes focadas em descontaminação de água contendo metais pesados ou íons tóxicos	Tratamento biológico sem metais; mineração sem purificação de água	BR112022014889	112022014889	COMPOSTO DE SULFONAMIDA OU SULFINAMIDA POSSUINDO EFEITO DE INDUÇÃO DE DEGRADAÇÃO DA PROTEÍNA BRD4 E USO FARMACÊUTICO DO MESMO	COMPOSTO DE SULFONAMIDA OU SULFINAMIDA POSSUINDO EFEITO DE INDUÇÃO DE DEGRADAÇÃO DA PROTEÍNA BRD4 E USO FARMACÊUTICO DO MESMO. A presente invenção refere-se a um composto que tem um excelente efeito de indução de degradação da proteína de BRD4 e é útil como um agente terapêutico para câncer ou um sal farmaceuticamente aceitável. Um composto representado pela fórmula (I) ou um sal farmaceuticamente aceitável do mesmo.	aleatorio		0	999	0	Composto degradador de BRD4, oncologia		
QA006	purificacao_agua	natural	encontrar tecnologias que limpam água contaminada com metais tóxicos	Patentes focadas em descontaminação de água contendo metais pesados ou íons tóxicos	Tratamento biológico sem metais; mineração sem purificação de água	BR112019019417	112019019417	COMPOSIÇÃO, PROCESSO PARA O TRATAMENTO COSMÉTICO E USO DA COMPOSIÇÃO	A matéria da presente invenção refere-se a uma composição para tingir fibras de queratina que compreende: a) um ou mais copolímeros derivados da polimerização de pelo menos um monômero de ácido crotônico ou derivado de ácido crotônico e de pelo menos um monômero de éster vinílico, b) pelo menos uma emulsão de óleo em água que tem um tamanho de partícula D50 inferior a 350 nm e que compreende: - uma mistura de silicones que compreende (i) pelo menos um polidialquilsiloxano que compreende grupos terminais trialquilsilila, que tem uma viscosidade a 25 °C na faixa de 40.000 a 100.000 mPa.s e (ii) pelo menos um aminossilicone que tem uma viscosidade a 25 °C na faixa de 1.000 a 15.000 mPa.s e um número de amina na faixa de 2 a 10 mg de KOH por grama de aminossilicone; - uma mistura de tensoativos que compreende um ou mais tensoativos não iônicos, sendo que a dita mistura tem um HLB na faixa de 10 a 16 e - água, e c) pelo menos um pigmento.	aleatorio		0	999	0	Composicao cosmetica para fibras de queratina		
QA006	purificacao_agua	natural	encontrar tecnologias que limpam água contaminada com metais tóxicos	Patentes focadas em descontaminação de água contendo metais pesados ou íons tóxicos	Tratamento biológico sem metais; mineração sem purificação de água	BR112016013744	112016013744	COMPOSTOS TRICÍCLICOS E SEU USO COMO AGENTES ANTICÂNCER	COMPOSTOS TRICÍCLICOS COMO AGENTES ANTICÂNCER. A presente invenção refere-se a compostos tricíclicos (I), composições farmaceuticamente aceitáveis compreendendo compostos da invenção e métodos de uso das ditas composições no tratamento de vários distúrbios.	aleatorio		0	999	0	Compostos triciclicos anticancer		
QA006	purificacao_agua	natural	encontrar tecnologias que limpam água contaminada com metais tóxicos	Patentes focadas em descontaminação de água contendo metais pesados ou íons tóxicos	Tratamento biológico sem metais; mineração sem purificação de água	BR112022025206	112022025206	DISPOSITIVO GERADOR DE AEROSSOL PARA GERAR UM AEROSSOL POR AQUECIMENTO INDUTIVO DE UM SUBSTRATO FORMADOR DE AEROSSOL	_x0093_DISPOSITIVO GERADOR DE AEROSSOL PARA GERAR UM AEROSSOL POR AQUECIMENTO INDUTIVO DE UM SUBSTRATO FORMADOR DE AEROSSOL. A presente invenção refere-se a um dispositivo gerador de aerossol para gerar um aerossol por aquecimento indutivo de um substrato formador de aerossol. O dispositivo compreende um compartimento de dispositivo compreendendo uma cavidade configurada para receber de forma removível o substrato formador de aerossol a ser aquecido. O dispositivo compreende ainda um arranjo de aquecimento indutivo compreendendo pelo menos uma bobina de indução para gerar um campo magnético alternado dentro da cavidade, em que pelo menos uma bobina de indução é disposta em torno de pelo menos uma porção da cavidade receptora. Além disso, o dispositivo também compreende um concentrador de fluxo disposto em torno de pelo menos uma porção da bobina de indução e configurado para distorcer o campo magnético alternado do arranjo de aquecimento indutivo em direção à cavidade durante o uso do dispositivo. O concentrador de fluxo compreende uma folha concentradora de fluxo multicamada com pelo menos uma camada magnética laminada com pelo menos uma primeira camada de suporte, em que a camada magnética compreende uma pluralidade de fragmentos separados de uma liga magnética macia. A presente invenção se refere adicionalmente a um sistema gerador de aerossol compreendendo tal dispositivo e um artigo gerador de aerossol, em que o artigo compreende o substrato formador de aerossol a ser aquecido. Além disso, a presente invenção refere-se a um método para fabricar uma folha concentradora de fluxo multicamada de tal dispositivo.	aleatorio		0	999	0	Dispositivo gerador de aerossol		
QA006	purificacao_agua	natural	encontrar tecnologias que limpam água contaminada com metais tóxicos	Patentes focadas em descontaminação de água contendo metais pesados ou íons tóxicos	Tratamento biológico sem metais; mineração sem purificação de água	BR112022006898	112022006898	ALINHAMENTO DE SLOT DE AGREGAÇÃO DE PORTADORA ASSÍNCRONA	ALINHAMENTO DE SLOT DE AGREGAÇÃO DE PORTADORA ASSÍNCRONA. Vários aspectos da presente divulgação geralmente se referem à comunicação sem fio. Em alguns aspectos, um quilohertz equipamento de usuário (UE) pode receber informações que identificam um deslocamento entre o início de um quadro em uma primeira portadora componente e um início de um quadro em uma segunda portadora componente, em que a primeira portadora componente é uma dentre uma célula primária (PCell) ou uma célula secundária (SCell), e em que a segunda portadora componente é a outra dentre a PCell ou SCell; determinar que um slot na primeira portadora componente está alinhada com um slot na segunda portadora componente; identificar o slot na segunda portadora componente de acordo com o deslocamento; e comunicar na primeira portadora componente ou na segunda portadora componente com base, pelo menos em parte, no início do slot na segunda portadora componente. Vários outros aspectos são fornecidos.	aleatorio		0	999	0	Alinhamento de slot em agregacao de portadora		
QA006	purificacao_agua	natural	encontrar tecnologias que limpam água contaminada com metais tóxicos	Patentes focadas em descontaminação de água contendo metais pesados ou íons tóxicos	Tratamento biológico sem metais; mineração sem purificação de água	BR102022003618	102022003618	COMPOSIÇÃO, PROCESSO PARA PRODUÇÃO DE TRIGLICERÍDEOS E GLICERÍDEOS PARCIAIS DE BAIXA ACIDEZ E PRODUTO ASSIM OBTIDO	COMPOSIÇÃO, PROCESSO PARA PRODUÇÃO DE TRIGLICERÍDEOS E GLICERÍDEOS PARCIAIS DE BAIXA ACIDEZ E PRODUTO ASSIM OBTIDO. A presente invenção está relacionada a uma nova tecnologia para produzir triglicerídeos e glicerídeos purificados de baixa acidez utilizando álcool butílico que devido sua altíssima reatividade converte os ácidos graxos livres existentes nos óleos vegetais em ésteres graxos com baixo ponto de solidificação, resultando em perda zero de material graxo. Pertencente a área química, esta invenção se aplica principalmente na produção de triglicerídeos com baixo teor de acidez livre como o sebo frigorífico, óleo de palma bruto e podem ser utilizados diretamente na produção de biodiesel, ou produção de ésteres diversos para aplicações industriais. Na presente invenção o triglicerídeo contendo ácidos graxos livres é misturado com álcool normal butílico na presença de um catalizador ácido como por exemplo o ácido para tolueno sulfônico ou ácido metano sulfônico. A massa reacional é aquecida para 120ºC e é mantida sob refluxo separando a agua de esterificação e ou a agua residual contida no óleo. O produto é mantido nestas condições até que o teor de acidez livre seja menor que 1,0% (expresso em acidez oleica). O triglicerídeo é resfriado e enviado diretamente para a para estocagem ou para a produção de biodiesel ou ésteres de aplicações industriais diversas.	aleatorio		0	999	0	Producao de trigliceridios de baixa acidez		
QA006	purificacao_agua	natural	encontrar tecnologias que limpam água contaminada com metais tóxicos	Patentes focadas em descontaminação de água contendo metais pesados ou íons tóxicos	Tratamento biológico sem metais; mineração sem purificação de água	BR112022022484	112022022484	MÉTODO E SISTEMA DE UM MATERIAL DE CELULOSE FIBRILADA	MÉTODO E SISTEMA DE UM MATERIAL DE CELULOSE FIBRILADA. As modalidades da invenção superam as deficiências de tecnologias anteriores infundindo nanocelulose em uma forma fibrilada para aumentar as propriedades da polpa de celulose. Essas propriedades podem incluir, por exemplo, as propriedades mecânicas e de barreira, isto é, resistência à tração, impermeabilidade a líquidos e gases, tais como oxigênio, dióxido de carbono e óleo, podem ser melhoradas substancialmente. Algumas modalidades da invenção fornecem ainda um material compósito de celulose fibrilada que inclui propriedades de ser um agente de aumento de resistência, um oligômero, ácido carboxílico, plastificante, um agente antimicrobiano, repelente de água e/ou um compósito transparente.	pooling_corpus1000	bm25_corpus1000	1		0	Material de celulose fibrilada		
QA006	purificacao_agua	natural	encontrar tecnologias que limpam água contaminada com metais tóxicos	Patentes focadas em descontaminação de água contendo metais pesados ou íons tóxicos	Tratamento biológico sem metais; mineração sem purificação de água	BR112023021672	112023021672	Otimização de parâmetros de processo para lente com desenho de microlente	otimização de parâmetros de processo para lente com desenho de microlente. a presente invenção refere-se a aparelho e métodos de moldagem por injeção-compressão para formar uma lente em uma inserção de molde injetando um polímero em uma cavidade interna da inserção de molde até uma pressão da cavidade interna exceder um valor de força predeterminado, o primeiro lado de molde sendo fixo e o segundo lado de molde sendo móvel e configurado para aplicar uma força gerando a pressão de cavidade interna. o método compreende controle de uma primeira temperatura do primeiro lado de molde para se encontrar em uma gama de 4 graus fahrenheit a 10 graus fahrenheit mais elevada que uma segunda temperatura do segundo lado de molde, e controle de uma distância de cunhagem-compressão do segundo lado de molde para se encontrar em uma gama de 0,008 polegadas a 0,018 polegadas.	pooling_corpus1000	bm25_corpus1000	1		0	Moldagem de lente com microlente		
QA006	purificacao_agua	natural	encontrar tecnologias que limpam água contaminada com metais tóxicos	Patentes focadas em descontaminação de água contendo metais pesados ou íons tóxicos	Tratamento biológico sem metais; mineração sem purificação de água	BR112019010305	112019010305	COMPOSIÇÃO EM BARRA E USO DE UMA COMPOSIÇÃO EM BARRA	Uma composição de barra compreendendo: a) 10% a 60% de tensoativo sintético (não sabão); b) 0% a 50% de ácido graxo e sabão, em que o sabão de ácido graxo total é inferior a 60% do tensoativo sintético total; c) 6,8% a 54% de estruturante solúvel em água, selecionado a partir de ? óxidos de polialquileno com um peso molecular de 1500 a 10000, ? copolímeros em bloco de óxido de polipropileno e óxido de polietileno, em que o estruturante solúvel em água tem um ponto de fusão de 40 a 100 °C e compreende ainda óxidos de polialquileno com um peso molecular de 50000 a 500000, de 1 a 5% em peso; d) 0,1% a 4,8% de isetionato de metal alcalino; e) 2,7% a 13,5% de água, em que a soma de água, isetionato de metal alcalino e estruturante solúvel em água é de 10% a 60%, em que, com base na quantidade total de água, de isetionato de metal alcalino e do referido estruturante solúvel em água, ? a água está presente em 4 a 27%, ? o isetionato de metal alcalino está presente em menos de 8%, ? o estruturante solúvel em água está presente em 68 a 90%. Uso da composição para eliminar eflorescência.	pooling_corpus1000	bm25_corpus1000	1		0	Composicao de sabonete em barra		
QA006	purificacao_agua	natural	encontrar tecnologias que limpam água contaminada com metais tóxicos	Patentes focadas em descontaminação de água contendo metais pesados ou íons tóxicos	Tratamento biológico sem metais; mineração sem purificação de água	BR112016021663	112016021663	ELEMENTO DE ENCONTRO PARA AMORTECEDORES DE PORTAS DE CORRER	ELEMENTO DE ENCONTRO PARA AMORTECEDORES DE PORTAS DE CORRER. A invenção diz respeito a um elemento de encontro (B1, B2) que está adaptado para ser montado em um perfil (10) montado em uma peça de mobiliário, em que o perfil é capaz de fazer deslizar um amortecedor que é parte integrante de uma porta e que é montado de forma a encontrar o elemento de encontro e ativá-lo. O elemento possui uma porção (32, 52) acoplável por deslizamento ao perfil de modo que o elemento de encontro possa deslizar sobre o perfil sem se desmontar; e a uma estrutura modificável para a criação de uma restrição para o deslizamento do elemento de encontro de modo a fazer com que este faça parte integrante com o perfil. Deste modo, são garantidas uma montagem fácil e a ausência de roscas interiores.	pooling_corpus1000	bm25_corpus1000	1		0	Elemento de encontro para amortecedor de porta		
QA006	purificacao_agua	natural	encontrar tecnologias que limpam água contaminada com metais tóxicos	Patentes focadas em descontaminação de água contendo metais pesados ou íons tóxicos	Tratamento biológico sem metais; mineração sem purificação de água	BR112021010839	112021010839	APARELHO GERADOR DE ÁGUA ATMOSFÉRICA	APARELHO GERADOR DE ÁGUA ATMOSFÉRICA. Trata-se de um aparelho gerador de água atmosférica. Em uma modalidade, o aparelho inclui um dispositivo de resfriamento de fluido. Uma superfície de condensação de água é termicamente conectada ao dispositivo de resfriamento de fluido, em que a superfície de condensação de água tem uma superfície de condensação super-hidrofóbica, uma superfície de condensação altamente hidrofóbica, uma superfície de condensação super-hidrofílica, uma superfície de condensação altamente hidrofílica ou uma combinação das mesmas. Um dispositivo de rejeição de calor resfriado com ar está em comunicação fluida com um dispositivo de resfriamento de fluido. Uma ventoinha de ar é configurada para induzir o fluxo de ar através da superfície de condensação de água, a fim de condensar e extrair água da atmosfera.	pooling_corpus1000	bm25_corpus1000	1		0	Gerador de agua atmosferica por condensacao		
QA006	purificacao_agua	natural	encontrar tecnologias que limpam água contaminada com metais tóxicos	Patentes focadas em descontaminação de água contendo metais pesados ou íons tóxicos	Tratamento biológico sem metais; mineração sem purificação de água	BR112023001511	112023001511	EXPLOSIVO GRANULAR À BASE DE EMULSÃO DE ÁGUA-EM-ÓLEO E PRODUÇÃO E USO DO MESMO	EXPLOSIVO GRANULAR À BASE DE EMULSÃO DE ÁGUA-EM-ÓLEO E PRODUÇÃO E USO DO MESMO. A presente invenção refere-se a um explosivo granular à base de uma emulsão água-óleo com um ou mais carreadores de oxigênio, água, um ou mais carreadores de combustível e emulsificante. A invenção também se refere a um método para produzir um explosivo granular de acordo com a invenção baseado em uma emulsão água-em-óleo contendo carreadores de oxigênio, água, carreadores de combustível e emulsificante. A invenção refere-se, finalmente, a um explosivo granular que pode ser obtido usando o método de acordo com a invenção e ao uso do explosivo granular de acordo com a invenção.	pooling_corpus1000	bm25_corpus1000	1		0	Explosivo granular a base de emulsao agua-oleo		
QA006	purificacao_agua	natural	encontrar tecnologias que limpam água contaminada com metais tóxicos	Patentes focadas em descontaminação de água contendo metais pesados ou íons tóxicos	Tratamento biológico sem metais; mineração sem purificação de água	BR202017018653	202017018653	DISPOSIÇÃO INTRODUZIDA EM ACESSÓRIO AUTOMOTIVO PARA TRANSPORTAR E FORNECER ÁGUA PARA USOS DIVERSOS	?DISPOSIÇÃO INTRODUZIDA EM ACESSÓRIO AUTOMOTIVO PARA TRANSPORTAR E FORNECER ÁGUA PARA USOS DIVERSOS? O presente pedido de patente de modelo de utilidade refere-se a acessório (1) para transportar e fornecer água, pertencentes ao setor técnico dos acessórios automotivos, desenvolvido para prover veículos automotor (100), particularmente de pequeno porte, como: carros de passeio, picapes, peruas e similares, de meios para transportar e fornecer água para usos diversos, como: lavagem de objetos, banho, lavagem do próprio veículo, sem comprometer a dirigibilidade, segurança e espaço útil deste; dito acessório (1) formado: por um reservatório de água-estepe (10) com geometria adequada para ficar disposto no porta-malas (103), em torno de setor do estepe (104): por conjunto motobomba (20), instalado em recesso (11) do reservatório (10) e com a admissão aberta dentro deste; por conjunto dispensador de água (30), formado por mangueira (31) acoplada na saída do conjunto motobomba (20) e por dispositivo dispensador de água (32) montado na mangueira (31); e por circuito elétrico (40), que alimenta o conjunto motobomba (20), ligado no circuito elétrico (110) do veículo (100) e dotado de botão liga-desliga (41).	pooling_corpus1000	bm25_corpus1000	1		0	Acessorio automotivo para transportar agua		
QA006	purificacao_agua	natural	encontrar tecnologias que limpam água contaminada com metais tóxicos	Patentes focadas em descontaminação de água contendo metais pesados ou íons tóxicos	Tratamento biológico sem metais; mineração sem purificação de água	BR112018001591	112018001591	FIBRAS CÍTRICAS COM CARACTERÍSTICAS APRIMORADAS DE LIGAÇÃO À ÁGUA, SEU MÉTODO DE FABRICAÇÃO E COMPOSIÇÃO ALIMENTAR CONTENDO AS MESMAS	A invenção refere-se a fibras cítricas em forma seca, tendo uma capacidade de retenção de água (WHC) de pelo menos 35 mL de água por grama de fibras anidras (0% de umidade). A referida fibra também tem um fator de inchamento (SV), em que ao aplicar uma força gravitacional (força G) em um meio aquoso contendo 1% em peso das referidas fibras dispersas no mesmo, o WHC varia com a força G de acordo com a Fórmula (1) em que DF é um fator de decaimento de pelo menos 500.	pooling_corpus1000	bm25_corpus1000	1		0	Fibras citricas com retencao de agua, uso alimentar		
QA006	purificacao_agua	natural	encontrar tecnologias que limpam água contaminada com metais tóxicos	Patentes focadas em descontaminação de água contendo metais pesados ou íons tóxicos	Tratamento biológico sem metais; mineração sem purificação de água	BR112020015847	112020015847	SISTEMA E PROCESSO DE MONITORAMENTO AUTOMÁTICO PARA DETECÇÃO DE FALHAS NO ABASTECIMENTO HIDRÁULICO COM COMPARTILHAMENTO ESCALONADO DE RESPONSABILIDADES, E USO	SISTEMA E PROCESSO DE MONITORAMENTO AUTOMÁTICO PARA DETECÇÃO DE FALHAS NO ABASTECIMENTO HIDRÁULICO COM COMPARTILHAMENTO ESCALONADO DE RESPONSABILIDADES, E USO. A presente invenção trata de um sistema de monitoramento automático de nível de caixa d'água/reservatório com aplicação na área de abastecimento de água, automação e telecomunicação visando gerar um compartilhamento de responsabilidades no consumo de água em caso de falta d'água por qualquer natureza, onde os responsáveis são da administração do condomínio e moradores em caso de edifícios residenciais ou administradores e proprietários e/ou locatários em caso de edifícios comerciais. Tal sistema consiste de uma caixa protetora (1) com um microcontrolador constituída por uma antena externa (2) acoplada a dita caixa, com microprocessador (3) sobreposto por uma placa de circuito integrado (5) e uma placa de expansão (4) para comunicação capaz de usar a rede de telefones celulares 3G/GSM com GPS integrado, sendo que tal microcontrolador se liga ao conjunto de sensores (7a, 7b, 7c e 7d) que medem o nível de um reservatório de água (10).	pooling_corpus1000	bm25_corpus1000	1		0	Monitoramento de nivel de caixa d'agua		
QA006	purificacao_agua	natural	encontrar tecnologias que limpam água contaminada com metais tóxicos	Patentes focadas em descontaminação de água contendo metais pesados ou íons tóxicos	Tratamento biológico sem metais; mineração sem purificação de água	BR112022016544	112022016544	SISTEMA GEOTÉRMICO APERFEIÇOADO NATURAL USANDO UM AQUÍFERO SEDIMENTAR QUENTE	SISTEMA GEOTÉRMICO APERFEIÇOADO NATURAL USANDO UM AQUÍFERO SEDIMENTAR QUENTE. Um sistema geotérmico aperfeiçoado natural (NAT-EGS) que usa um aquífero sedimentar quente (HSA) é revelado. Um método exemplificativo pode incluir bombear, por meio de um poço de extração, água aquecida de uma profundidade de extração de um HSA, em que o HSA satisfaz uma característica geotérmica limite. O método exemplificativo pode incluir extrair, por meio de uma unidade de conversão de energia, calor da água aquecida para capturar energia, resultando em água resfriada. O método exemplificativo pode incluir injetar, por meio de um poço de injeção, da água resfriada a uma profundidade de injeção do HSA, em que a profundidade de injeção é mais profunda que a profundidade de extração.	pooling_corpus1000	bm25_corpus1000	1		0	Sistema geotermico com aquifero sedimentar		
QA006	purificacao_agua	natural	encontrar tecnologias que limpam água contaminada com metais tóxicos	Patentes focadas em descontaminação de água contendo metais pesados ou íons tóxicos	Tratamento biológico sem metais; mineração sem purificação de água	BR112022026463	112022026463	MÉTODO E APARELHO PARA TRANSMITIR UNIDADE DE DADOS DE PROTOCOLO DE CAMADA FÍSICA	MÉTODO E APARELHO PARA TRANSMITIR UNIDADE DE DADOS DE PROTOCOLO DE CAMADA FÍSICA. Este pedido refere-se ao campo de tecnologias de comunicação sem fio, e em particular, a um método e um aparelho para transmitir uma unidade de dados de protocolo de camada física, e por exemplo, é aplicado a uma rede de área local sem fio. O método inclui: Um primeiro dispositivo de comunicações gera uma PPDU e pode enviar a PPDU, em que a PPDU inclui uma sequência de LTF; e correspondentemente, um segundo dispositivo de comunicações recebe a PPDU, e analisa a PPDU para obter a sequência de LTF incluída na PPDU. Modalidades deste pedido podem ser usadas para projetar uma sequência de LTF que tenha uma PAPR relativamente baixa em toda a largura de banda, em uma única unidade de recurso, em uma unidade de recurso combinada, e em um cenário multifluxo considerado.	pooling_corpus1000	bm25_corpus1000	1		0	Transmissao de PPDU em rede local sem fio		
QA006E	purificacao_agua	especifica	remocao de metais pesados de lixiviado de aterro sanitario	Patentes sobre tratamento de lixiviado ou chorume de aterro em que a remocao de metais pesados ou de contaminantes inorganicos seja parte declarada do processo	Tratamento de agua potavel ou de efluente industrial sem aterro; tratamento de lixiviado sem remocao de inorganicos; recuperacao metalurgica de metais a partir de minerio	BR102017006907		PROCESSO DE TRATAMENTO DE LIXIVIADO DE ATERRO SANITÁRIO POR OXIAMONÓLISE	PROCESSO DE TRATAMENTO DE LIXIVIADO DE ATERRO SANITÁRIO POR OXIAMONÓLISE. Patente de invenção de processo de tratamento de lixiviado de aterro sanitário que compreende três etapas, 1ª etapa físico-química com retirada de sólido inerte classe II-B, 2ª etapa de filtração e 3ª etapa oxidação catalítica e amonólise por redução catódica, obtendo um efluente tratados que satisfaz a legislação ambiental quanto ao descarte ou reutilização da água.	pooling_derivadas	bm25_4variantes			3	Tratamento de lixiviado de aterro com IPC de metais pesados e ions inorganicos		
QA006E	purificacao_agua	especifica	remocao de metais pesados de lixiviado de aterro sanitario	Patentes sobre tratamento de lixiviado ou chorume de aterro em que a remocao de metais pesados ou de contaminantes inorganicos seja parte declarada do processo	Tratamento de agua potavel ou de efluente industrial sem aterro; tratamento de lixiviado sem remocao de inorganicos; recuperacao metalurgica de metais a partir de minerio	BR102017006908		PROCESSO DE EXTRAÇÃO E PURIFICAÇÃO DE SUBSTÂNCIAS HÚMICAS DE LIXIVIADO DE ATERRO SANITÁRIO	PROCESSO DE EXTRAÇÃO E PURIFICAÇÃO DE SUBSTÂNCIAS HÚMICAS DE LIXIVIADO DE ATERRO SANITÁRIO. Patente de invenção de processo de extração e purificação de substâncias húmicas de lixiviado de aterro sanitário que compreende quatro etapas, 1ª etapa físico-química com retirada de sólido inerte classe II-B, 22 etapa de filtração, 3ª etapa de purificação das substâncias húmicas com coluna de troca fônica seguida de osmose reversa e 4á etapa oxidação catalítica e amonólise por redução catódica, obtendo um efluente tratados que satisfaz a legislação ambiental quanto ao descarte ou reutilização da água.	pooling_derivadas	bm25_4variantes			2	Purificacao de lixiviado de aterro por troca ionica e osmose; foco em substancias humicas		
QA006E	purificacao_agua	especifica	remocao de metais pesados de lixiviado de aterro sanitario	Patentes sobre tratamento de lixiviado ou chorume de aterro em que a remocao de metais pesados ou de contaminantes inorganicos seja parte declarada do processo	Tratamento de agua potavel ou de efluente industrial sem aterro; tratamento de lixiviado sem remocao de inorganicos; recuperacao metalurgica de metais a partir de minerio	BR102021004721		PROCESSO DE TRATAMENTO DE CHORUME POR PRECIPITAÇÃO E CARBONATAÇÃO E PRODUTO OBTIDO ATRAVÉS DO MESMO	PROCESSO DE TRATAMENTO DE CHORUME POR PRECIPITAÇÃO E CARBONATAÇÃO E PRODUTO OBTIDO ATRAVÉS DO MESMO. Trata-se a presente patente de invenção de um processo de tratamento de Chorume gerado nos aterros industriais e municipais, assim como os produtos obtidos através do mesmos como composto agrícola, pertencente ao setor químico, particularmente trata-se de um processo para precipitar, carbonatar, sedimentar ,oxidar, filtrar e centrifugar o resíduo do lodo gerado nos aterros, sem uso de polímeros. O processo de tratamento de chorume por precipitação e carbonatação, resume-se nas seguintes etapas: 1.1.- proporcionalidade dealimentação do líquido em sistema semi-contínuo; 1.2.- adição do coagulante policloreto de alumínio; 1.3.- adição do hidróxido de cálcio para ajuste do ph alcalino; 1.4 carbonatação; 1.5.- sedimentação; 1.6.- centrifugação; 1.7.- separação do produto centrifugado; 1.8- filtração dá agua em filtro mineral; e 1.9- descarte da água em meio hídrico. O material sólido obtido é um lodo com alta concentração de sólidos que será usado para a fabricação de pavers de concreto e cerâmica vermelha como fonte de carga e liga de resistência mecânica.	pooling_derivadas	bm25_4variantes			2	Tratamento de chorume de aterro por precipitacao e carbonatacao; carga inorganica		
QA006E	purificacao_agua	especifica	remocao de metais pesados de lixiviado de aterro sanitario	Patentes sobre tratamento de lixiviado ou chorume de aterro em que a remocao de metais pesados ou de contaminantes inorganicos seja parte declarada do processo	Tratamento de agua potavel ou de efluente industrial sem aterro; tratamento de lixiviado sem remocao de inorganicos; recuperacao metalurgica de metais a partir de minerio	BR112018003056		MÉTODO E USO DE ÁCIDO PERACÉTICO PARA REDUZIR EMISSÕES DE MERCÚRIO	Trata-se de um método para a redução e impedimento de emissões de mercúrio no ambiente de combustíveis fósseis queimados ou outros gases de exaustão com o uso de ácido peracético. O ácido peracético é usado para a captura de mercúrio a partir dos gases de combustão resultantes com o uso de um sistema ou depurador de dessulfurização de gás de combustão. O método usa ácido peracético em combinação com um depurador para capturar mercúrio e reduzir sua emissão e/ou reemissão com gases de chaminé. O método permite o uso de carvão como um limpador e fonte de combustível mais favorável ao meio ambiente, assim como capturar mercúrio a partir de outros sistemas de processamento.	pooling_derivadas	bm25_4variantes			1	Remove mercurio, mas de gases de combustao e nao de lixiviado		
QA006E	purificacao_agua	especifica	remocao de metais pesados de lixiviado de aterro sanitario	Patentes sobre tratamento de lixiviado ou chorume de aterro em que a remocao de metais pesados ou de contaminantes inorganicos seja parte declarada do processo	Tratamento de agua potavel ou de efluente industrial sem aterro; tratamento de lixiviado sem remocao de inorganicos; recuperacao metalurgica de metais a partir de minerio	BR112015030282		MÉTODO DE RECUPERAÇÃO DE COBRE E DE METAIS PRECIOSOS	1/1 RESUMO MÉTODO DE RECUPERAÇÃO DE COBRE E DE METAIS PRECIOSOS A presente invenção refere-se a um método de recuperação de cobre e de um ou mais metais preciosos, a partir de um minério ou concentrado de sulfeto contendo cobre, compreendendo a lixiviação do minério e/ou concentrado contendo cobre sob condições atmosféricas ou ligeiramente pressurizadas, a uma temperatura abaixo do ponto de ebulição da solução de lixívia, em uma solução de ácido sulfúrico na presença de um ou mais halogenetos de metal alcalino ou metal alcalino terroso, em que a concentração total do halogeneto é de 30 a 115 g/L, para dissolver o cobre e obter um licor de lixiviação compreendendo cobre, espécies de enxofre e halogenetos na solução. O licor de lixiviação é depois submetido a uma separação do tipo sólido-líquido, após o que uma primeira solução aquosa impregnada de lixívia e um resíduo de lixiviação exaurido de cobre são obtidos. O cobre é purificado por extração por solvente da primeira solução aquosa impregnada de lixívia, para se obter uma primeira solução orgânica enriquecida contendo cobre e um primeiro refinado aquoso. A solução orgânica enriquecida contendo cobre é extraída e o cobre é recuperado de uma solução de extração que contém quantidades de traços de cloretos.	pooling_derivadas	bm25_4variantes			1	Negativo dificil: recuperacao hidrometalurgica de cobre a partir de minerio		
QA006E	purificacao_agua	especifica	remocao de metais pesados de lixiviado de aterro sanitario	Patentes sobre tratamento de lixiviado ou chorume de aterro em que a remocao de metais pesados ou de contaminantes inorganicos seja parte declarada do processo	Tratamento de agua potavel ou de efluente industrial sem aterro; tratamento de lixiviado sem remocao de inorganicos; recuperacao metalurgica de metais a partir de minerio	BR112020010687		COMPOSTOS PARA SEPARAÇÃO DE ELEMENTOS DE TERRAS RARAS E METAIS S, P, D, MÉTODO DE SEPARAÇÃO E USO DOS MESMOS	A presente invenção se refere a compostos de fórmula geral (I) para separa-ção cromatográfica de elementos de terras raras e/ou metais s, p, d, assim como ao método de separação de elementos de terras raras.	pooling_derivadas	bm25_4variantes			1	Separacao cromatografica de terras raras e metais, fora do contexto de agua		
QA006E	purificacao_agua	especifica	remocao de metais pesados de lixiviado de aterro sanitario	Patentes sobre tratamento de lixiviado ou chorume de aterro em que a remocao de metais pesados ou de contaminantes inorganicos seja parte declarada do processo	Tratamento de agua potavel ou de efluente industrial sem aterro; tratamento de lixiviado sem remocao de inorganicos; recuperacao metalurgica de metais a partir de minerio	BR102018009266		PROCESSO PARA SÍNTESE DE NANOTUBOS DE HIDRÓXIDOS DUPLOS LAMELARES, NANOTUBOS DE HIDRÓXIDOS DUPLOS LAMELARES E SEUS USOS	A presente invenção refere-se a um processo para síntese de nanotubos de hidróxidos duplos lamelares a partir da decoração de micelas surfactantes. Os materiais resultantes são nanotubos porosos autosuportados de HDLs hierárquicos que apresentam elevada área superficial e mesoporos cilíndricos acessíveis. Tais nanotubos são aplicados como catalisadores, suportes catalíticos, retardadores de chama, filtros de purificação de água e resíduos industriais e veículos para administração de substâncias farmacêuticas.	pooling_derivadas	bm25_4variantes			1	Nanotubos de HDL citados como filtros para agua e residuos industriais		
QA006E	purificacao_agua	especifica	remocao de metais pesados de lixiviado de aterro sanitario	Patentes sobre tratamento de lixiviado ou chorume de aterro em que a remocao de metais pesados ou de contaminantes inorganicos seja parte declarada do processo	Tratamento de agua potavel ou de efluente industrial sem aterro; tratamento de lixiviado sem remocao de inorganicos; recuperacao metalurgica de metais a partir de minerio	BR102021002908		DISPOSITIVO DE EXAUSTÃO DE ODORES DE UNIDADE SANITÁRIA	DISPOSITIVO DE EXAUSTÃO DE ODORES DE UNIDADE SANITÁRIA. Elimina odores provenientes do uso da bacia sanitária, com a instalação de tubulação hidros sanitária pelo banheiro, adequado a qualquer tipo de louça sanitária, dispõe-se discretamente, com sistema de exaustão composto por motor elétrico aspirador fixado na parte posterior do vaso sanitário, que é acionado manualmente por interruptor dimerizado, caracterizado por possuir dispositivo de sucção em fibra de vidro, instalado sob o assento do vaso sanitário, aspirando o odor da parte interna deste, onde o dispositivo de sucção está conectado diretamente ao interruptor, tal dispositivo de sucção é acoplado em sua saída de ar a tubos e conexões em PVC marrons (H1, H2, H3, H4, H5), a uma válvula de retenção de fluxo (H4), o que impede possíveis retornos do ar odorizado, aspirado do vaso sanitário, em seguida o ar aspirado passa por uma câmara de ar (H3), revestida por espuma antirruído, que antecede o motor aspirador (H3), em sequência é instalada outra válvula de retenção de fluxo(H4), partindo para a exaustão do ar odorizado por meio de tubos e conexões em PVC brancos (S1, S2), seguindo a conectar-se com o tubo de esgoto primário abaixo da bacia sanitária.	pooling_derivadas	bm25_4variantes			0	Exaustao de odores de unidade sanitaria; casou por 'sanitario'		
QA006E	purificacao_agua	especifica	remocao de metais pesados de lixiviado de aterro sanitario	Patentes sobre tratamento de lixiviado ou chorume de aterro em que a remocao de metais pesados ou de contaminantes inorganicos seja parte declarada do processo	Tratamento de agua potavel ou de efluente industrial sem aterro; tratamento de lixiviado sem remocao de inorganicos; recuperacao metalurgica de metais a partir de minerio	BR112019010304		COMPOSIÇÃO ANTIMICROBIANA, MÉTODO NÃO TERAPÊUTICO DE LIMPEZA OU DESINFECÇÃO DE SUPERFÍCIES, USOS NÃO TERAPÊUTICOS DA COMPOSIÇÃO E USO NÃO TERAPÊUTICO DE UM SAL DE ÁCIDO SULFÔNICO	A presente invenção refere-se a uma composição antimicrobiana e, mais especificamente, a uma composição antimicrobiana para aplicações de limpeza que fornece eficácia antimicrobiana em períodos de contato relativamente curtos. Consequentemente, a presente invenção fornece uma composição antimicrobiana que compreende: (a) 0,1 a 100 ppm em peso de composto de prata; (b) sal de ácido sulfônico; e (c) 1 a 85% em peso de sal de ácido graxo, em que o ácido sulfônico é ácido sulfônico aromático.	pooling_derivadas	bm25_4variantes			0	Composicao antimicrobiana para desinfeccao de superficies		
QA006E	purificacao_agua	especifica	remocao de metais pesados de lixiviado de aterro sanitario	Patentes sobre tratamento de lixiviado ou chorume de aterro em que a remocao de metais pesados ou de contaminantes inorganicos seja parte declarada do processo	Tratamento de agua potavel ou de efluente industrial sem aterro; tratamento de lixiviado sem remocao de inorganicos; recuperacao metalurgica de metais a partir de minerio	BR112022010682		PROCESSO PARA A FABRICAÇÃO DE UM PRODUTO METÁLICO COM PROPRIEDADES BIOCIDAS E PRODUTO METÁLICO BIOCIDA	PROCESSO PARA A FABRICAÇÃO DE MATERIAIS METÁLICOS BIOCIDAS E MÉTODO PARA A REATIVAÇÃO DO MESMO. A presente invenção refere-se a um processo para a fabricação de produto metálico com propriedades biocidas é divulgado, e primeiro compreende anodizar um produto que possui pelo menos uma superfície metálica (por exemplo, alumínio, aço) usando uma densidade de corrente controlada para formar poros nas superfícies com densidade espacial e profundidade controladas. O processo também compreende o contato das superfícies metálicas anodizadas com uma primeira solução biocida antes de vedar os poros. De preferência, as superfícies metálicas podem ser contatadas novamente com a primeira solução biocida após a etapa de vedação. Também é divulgado um método de reativação das propriedades biocidas dos produtos metálicos, e compreende o contato novamente com o produto biocida com uma segunda solução biocida. De preferência, a segunda solução é menos concentrada do que a primeira solução por segurança. A invenção proporciona um processo mais simples, rápido, mais barato e aprimorado para tratar ou reativar as superfícies metálicas, a fim de obter um produto metálico com propriedades biocidas superiores e duradouras.	pooling_derivadas	bm25_4variantes			0	Produto metalico com propriedades biocidas		
QA006E	purificacao_agua	especifica	remocao de metais pesados de lixiviado de aterro sanitario	Patentes sobre tratamento de lixiviado ou chorume de aterro em que a remocao de metais pesados ou de contaminantes inorganicos seja parte declarada do processo	Tratamento de agua potavel ou de efluente industrial sem aterro; tratamento de lixiviado sem remocao de inorganicos; recuperacao metalurgica de metais a partir de minerio	BR112022021402		COMPOSIÇÃO SINÉRGICA PARA CUIDADOS PESSOAIS/PRESERVANTE COM UM ÉSTER DE POLIGLICEROL	COMPOSIÇÃO CONSERVANTE/DE CUIDADOS PESSOAIS SINÉRGICA COM UM ÉSTER DE POLIGLICEROL.São aqui proporcionados composição preservante de um agente conservante com um éster de poliglicerol com um efeitosinérgico que permite uma redução na quantidade do agente conservante necessário para ser um conservante eficaz numaformulação de utilização final.	pooling_derivadas	bm25_4variantes			0	Composicao conservante para cuidados pessoais		
QA006E	purificacao_agua	especifica	remocao de metais pesados de lixiviado de aterro sanitario	Patentes sobre tratamento de lixiviado ou chorume de aterro em que a remocao de metais pesados ou de contaminantes inorganicos seja parte declarada do processo	Tratamento de agua potavel ou de efluente industrial sem aterro; tratamento de lixiviado sem remocao de inorganicos; recuperacao metalurgica de metais a partir de minerio	BR112019012726		PEÇA BRUTA FORMADA, JOGO DE FERRAMENTAS PARA FORMAR UMA PEÇA BRUTA DE MATERIAL EM UMA PEÇA BRUTA FORMADA, E MÉTODO DE FORMAÇÃO DE UMA PEÇA BRUTA EM UM JOGO DE FERRAMENTAS	É provida uma peça bruta (10). A peça bruta formada (10) inclui uma porção estirada (38) e/ou uma protuberância truncada (20), um jogo de ferramentas (100) estruturado para formar uma peça bruta formada (10) incluindo uma porção estirada (38) e/ou uma protrusão truncada (22), e um método para formação (1000) de uma peça bruta formada (10) incluindo uma porção estirada (38) e/ou uma protuberância truncada (22). A peça bruta formada (10) inclui uma base (12) e uma parede lateral pendente (14). A porção estirada (38) e/ou a protuberância truncada (22) estão dispostas na base da peça bruta formada (12) e a espessura da porção estirada (38) e/ou da protuberância truncada (22) é menor que a parede lateral (14). A porção estirada (38) e/ou a protuberância truncada (22) utilizam menos material em relação a uma base não formada que apresenta aproximadamente a mesma espessura que a parede lateral (14).	pooling_derivadas	bm25_4variantes			0	Conformacao de peca bruta metalica		
QA006E	purificacao_agua	especifica	remocao de metais pesados de lixiviado de aterro sanitario	Patentes sobre tratamento de lixiviado ou chorume de aterro em que a remocao de metais pesados ou de contaminantes inorganicos seja parte declarada do processo	Tratamento de agua potavel ou de efluente industrial sem aterro; tratamento de lixiviado sem remocao de inorganicos; recuperacao metalurgica de metais a partir de minerio	BR122021014249		Aparelho para manufaturar uma lança		pooling_derivadas	bm25_4variantes			0	Aparelho para manufaturar lanca; sem resumo		
QA006E	purificacao_agua	especifica	remocao de metais pesados de lixiviado de aterro sanitario	Patentes sobre tratamento de lixiviado ou chorume de aterro em que a remocao de metais pesados ou de contaminantes inorganicos seja parte declarada do processo	Tratamento de agua potavel ou de efluente industrial sem aterro; tratamento de lixiviado sem remocao de inorganicos; recuperacao metalurgica de metais a partir de minerio	BR112023004203		PROCESSO PARA PRODUZIR ETILENOGLICOL E/OU PROPILENOGLICOL E/OU GLICEROL	PROCESSO PARA PRODUZIR ETILENOGLICOL E/OU PROPILENOGLICOL E/OU GLICEROL.Um processo para produzir glicóis a partir de uma fonte de carboidrato usando um sistema catalisador, e cujo processo pode ser realizado continuamente em um reator, e em cujo processo um material catalisador é recuperado do efluente do reator. O efluente do reator é submetido à separação para obter alguns glicóis valiosos, e uma ou mais das correntes de fundo compreendendo polióis pesados e algum material catalisador contendo um ou mais compostos de tungstênio é submetido à queima, e o queimador faz parte de uma caldeira que pode gerar vapor. Tal vapor pode ser usado na separação de um ou mais dos compostos desejados.	pooling_derivadas	bm25_4variantes			0	Producao de glicois a partir de carboidrato		
QA006E	purificacao_agua	especifica	remocao de metais pesados de lixiviado de aterro sanitario	Patentes sobre tratamento de lixiviado ou chorume de aterro em que a remocao de metais pesados ou de contaminantes inorganicos seja parte declarada do processo	Tratamento de agua potavel ou de efluente industrial sem aterro; tratamento de lixiviado sem remocao de inorganicos; recuperacao metalurgica de metais a partir de minerio	BR112017013244		EFETUADOR DE ROBÔ PARA INSTALAÇÃO DE FIXADORES MECÂNICOS E ROBÔ	A presente invenção refere-se a um dispositivo de travamento (1) para fixadores mecânicos, tais como rebites, parafusos, cavilhas, e similares, e a um operador de robô que emprega tal dispositivo. O dispositivo compreende um alojamento (10) e um par de mordentes (20, 21) dispostos em um detentor (40), cujo par é adaptado para agarrar um fixador mecânico entre os mesmos. O detentor (40) é, por sua vez, disposto rotativo no interior do alojamento (10), e os mordentes (20, 21) permitem uma auto centralização de um fixador mecânico agarrado.	pooling_derivadas	bm25_4variantes			0	Efetuador de robo para fixadores mecanicos		
QA006E	purificacao_agua	especifica	remocao de metais pesados de lixiviado de aterro sanitario	Patentes sobre tratamento de lixiviado ou chorume de aterro em que a remocao de metais pesados ou de contaminantes inorganicos seja parte declarada do processo	Tratamento de agua potavel ou de efluente industrial sem aterro; tratamento de lixiviado sem remocao de inorganicos; recuperacao metalurgica de metais a partir de minerio	BR112022010663		MÉTODO PARA O TRATAMENTO COSMÉTICO DE MATERIAIS DE QUERATINA QUE EMPREGA UMA COMPOSIÇÃO DE METAL DE TERRAS RARAS E UMA COMPOSIÇÃO ALCALINA	MÉTODO PARA O TRATAMENTO COSMÉTICO DE MATERIAIS DE QUERATINA QUE EMPREGA UMA COMPOSIÇÃO DE METAL DE TERRAS RARAS E UMA COMPOSIÇÃO ALCALINA.A invenção refere-se a um método para o tratamento cosmético de materiais de queratina, em particular materiais de queratina humanos, como a pele ou cabelo, que compreende uma etapa de aplicação de uma composição que compreende um composto de um metal que pertence ao grupo dos metais de terras raras, seguida de uma etapa de aplicação de uma composição alcalina.	pooling_derivadas	bm25_4variantes			0	Tratamento cosmetico com metais de terras raras		
QA006E	purificacao_agua	especifica	remocao de metais pesados de lixiviado de aterro sanitario	Patentes sobre tratamento de lixiviado ou chorume de aterro em que a remocao de metais pesados ou de contaminantes inorganicos seja parte declarada do processo	Tratamento de agua potavel ou de efluente industrial sem aterro; tratamento de lixiviado sem remocao de inorganicos; recuperacao metalurgica de metais a partir de minerio	BR112022014309		DETECTAR E COMPENSAR A FORÇA DE EVENTOS EM UMA OPERAÇÃO DE FORMAÇÃO DE BOBINA	DETECTAR E COMPENSAR A FORÇA DE EVENTOS EM UMA OPERAÇÃO DE FORMAÇÃO DE BOBINA. A presente invenção refere-se a sistemas e métodos direcionados a codificadores de laminadores que são divulgados. Sistemas e métodos são divulgados para um esquema de controle para manter uma força constante entre um rolo e a superfície de uma bobina. Exemplos de sistemas e métodos podem incluir a formação de uma parte de uma bobina, captura de dados da primeira bobina correspondentes à força da bobina enquanto a tira de metal está sendo enrolada na bobina, captura de dados da segunda bobina correspondentes à posição da bobina enquanto a tira de o metal está sendo enrolada na bobina, determinando um sinal que corresponde a uma força de enrolamento do rolo e uma posição da saliência e transmissão do sinal a um cilindro hidráulico acoplado ao rolo, o cilindro hidráulico acarreta o rolo exercer a força de enrolamento contra força radial da bobina.	pooling_derivadas	bm25_4variantes			0	Controle de forca em formacao de bobina		
QA006E	purificacao_agua	especifica	remocao de metais pesados de lixiviado de aterro sanitario	Patentes sobre tratamento de lixiviado ou chorume de aterro em que a remocao de metais pesados ou de contaminantes inorganicos seja parte declarada do processo	Tratamento de agua potavel ou de efluente industrial sem aterro; tratamento de lixiviado sem remocao de inorganicos; recuperacao metalurgica de metais a partir de minerio	BR112022023888		MÁQUINA E MÉTODO PARA A DECORAÇÃO DIGITAL DE PRODUTOS COM MATERIAIS GRANULARES E SIMILARES	MÁQUINA E MÉTODO PARA A DECORAÇÃO DIGITAL DE PRODUTOS COM MATERIAIS GRANULARES E SIMILARES. A máquina (1) para a decoração digital de produtos com materiais granulares e similares compreende: uma armação básica (2); pelo menos uma superfície de suporte (3) para suportar pelo menos um produto (P) a ser decorado associado à armação básica (2); pelo menos uma primeira cabeça de impressão digital (4) adaptada para aplicar pelo menos uma primeira camada (S') de material adesivo fluido na superfície do produto (P) a ser decorado; meios de deposição (5) de um material granular (G) sobre a primeira camada (S') de material adesivo; meios de remoção (6) do excesso de material granular (G); pelo menos uma segunda cabeça de impressão digital (9) adaptada para aplicar pelo menos uma segunda camada (S'') de material adesivo fluido no topo do material granular (G), em que a segunda cabeça de impressão (9) é posicionada entre os meios de deposição (5) e os meios de remoção (6).	pooling_derivadas	bm25_4variantes			0	Decoracao digital com materiais granulares		
QA006E	purificacao_agua	especifica	remocao de metais pesados de lixiviado de aterro sanitario	Patentes sobre tratamento de lixiviado ou chorume de aterro em que a remocao de metais pesados ou de contaminantes inorganicos seja parte declarada do processo	Tratamento de agua potavel ou de efluente industrial sem aterro; tratamento de lixiviado sem remocao de inorganicos; recuperacao metalurgica de metais a partir de minerio	BR112019012882		MÉTODO PARA PRODUZIR PELOTAS DE CROMITA ENDURECIDAS CONTENDO NÍQUEL, MÉTODO PARA PRODUZIR LIGA DE NÍQUEL FERROCROMO E PELOTA DE CROMITA ENDURECIDA	Um método é descrito para produzir pelotas de cromita endurecidas contendo níquel. O método compreende fornecer uma mistura moída contendo ferro e material contendo cromo e opcionalmente carbono e opcionalmente aditivos; fornecer material contendo níquel compreendendo compostos de níquel precipitados a partir de um processo para refinação hidrometalúrgica de matéria-prima contendo níquel, agente de ligação, e opcionalmente agente de fluxo; misturar material contendo níquel, agente de ligação e opcionalmente agente de fluxo na mistura moída para produzir uma mistura de aglomeração; aglomerar a mistura de aglomeração para produzir pelotas verdes; e endurecer as pelotas verdes para produzir pelotas de cromita endurecidas. O método compreende tratamento térmico do material contendo níquel antes de misturar o material contendo níquel na mistura moída para remover enxofre, água, possíveis carbonatos e voláteis a partir do material contendo níquel e para produzir óxidos de níquel no material contendo níquel.	pooling_derivadas	bm25_4variantes			0	Pelotas de cromita com niquel, metalurgia		
QA006E	purificacao_agua	especifica	remocao de metais pesados de lixiviado de aterro sanitario	Patentes sobre tratamento de lixiviado ou chorume de aterro em que a remocao de metais pesados ou de contaminantes inorganicos seja parte declarada do processo	Tratamento de agua potavel ou de efluente industrial sem aterro; tratamento de lixiviado sem remocao de inorganicos; recuperacao metalurgica de metais a partir de minerio	BR112017000910		EQUIPAMENTO PARA ESTIRAMENTO A FRIO DE FIO METÁLICO E APARELHO PARA ESTIRAMENTO A FRIO DE FIO METÁLICO	É descrito um equipamento para estiramento a frio de um arame ou fio metálico. O equipamento compreende uma sequência de uma manga (100) e uma matriz de estiramento (200) no percurso de avanço do arame; a manga compreende um orifício (103) para a inserção do arame a ser estirado, e a matriz de estiramento compreende um orifício cônico (210). O equipamento compreende primeiros meios de suporte (102) da manga e segundos meios de suporte (202) da matriz de estiramento, acoplados um ao outro de modo a manterem a manga e a matriz de estiramento no lugar e proverem o percurso de avanço do arame a partir da manga para a matriz de estiramento. Os primeiros meios de suporte (102) compreendem um orifício (101) para a inserção do arame metálico, que precede o orifício (103) da manga no percurso de avanço do arame metálico; o orifício (101) dos primeiros meios de suporte é coaxial com o orifício (103) da manga, e possui um diâmetro menor do que a abertura inicial (111) do orifício da manga no percurso de avanço do arame metálico.	pooling_derivadas	bm25_4variantes			0	Estiramento a frio de fio metalico		
QA006E	purificacao_agua	especifica	remocao de metais pesados de lixiviado de aterro sanitario	Patentes sobre tratamento de lixiviado ou chorume de aterro em que a remocao de metais pesados ou de contaminantes inorganicos seja parte declarada do processo	Tratamento de agua potavel ou de efluente industrial sem aterro; tratamento de lixiviado sem remocao de inorganicos; recuperacao metalurgica de metais a partir de minerio	BR112022005351		RESÍDUO DE HEXANO PURIFICADO, COMPOSIÇÃO DE ADESIVA, MÉTODO PARA ADERIR DOIS ARTIGOS JUNTOS E PARA LIMPAR UMA SUPERFÍCIE DE UM ARTIGO, USO DO RESÍDUO DE HEXANO PURIFICADO, E, SISTEMA DE SOLVENTE	RESÍDUO DE HEXANO PURIFICADO, COMPOSIÇÃO DE ADESIVA, MÉTODO PARA ADERIR DOIS ARTIGOS JUNTOS E PARA LIMPAR UMA SUPERFÍCIE DE UM ARTIGO, USO DO RESÍDUO DE HEXANO PURIFICADO, E, SISTEMA DE SOLVENTE. Um resíduo de hexano purificado pode incluir n-hexano, um ou mais isômeros de hexano, um ou mais metais selecionados do grupo que consiste em Al, Ca, Mg, Ti ou uma mistura dos mesmos; água, monocloroetano, etanol e, opcionalmente, uma ou mais impurezas secundárias adicionais selecionadas do grupo que consiste em alcanos não C6, alcenos não C6.	pooling_derivadas	bm25_4variantes			0	Residuo de hexano purificado para adesivos		
QA006E	purificacao_agua	especifica	remocao de metais pesados de lixiviado de aterro sanitario	Patentes sobre tratamento de lixiviado ou chorume de aterro em que a remocao de metais pesados ou de contaminantes inorganicos seja parte declarada do processo	Tratamento de agua potavel ou de efluente industrial sem aterro; tratamento de lixiviado sem remocao de inorganicos; recuperacao metalurgica de metais a partir de minerio	BR112017000205		PROCESSO DE RESFRIAMENTO DE UM LINGOTE DE LAMINAÇÃO, INSTALAÇÃO PARA A APLICAÇÃO DO PROCESSO E UTILIZAÇÃO DA INSTALAÇÃO	A invenção a um processo de resfriamento de um prato de laminação em liga de alumínio, após o tratamento térmico de homogeneização metalúrgica desse prato e antes de sua laminação a quente, caracterizado pelo fato de o resfriamento de um valor de 30 a 150 oC ser efetuado a uma velocidade de 150 a 500 oC/h, com uma homogeneidade de menos de 40 oC sobre toda a parte tratada do prato. A invenção tem também por objeto a instalação que permite a aplicação desse processo, assim como essa aplicação.	pooling_derivadas	bm25_4variantes			0	Resfriamento de lingote de laminacao		
QA006E	purificacao_agua	especifica	remocao de metais pesados de lixiviado de aterro sanitario	Patentes sobre tratamento de lixiviado ou chorume de aterro em que a remocao de metais pesados ou de contaminantes inorganicos seja parte declarada do processo	Tratamento de agua potavel ou de efluente industrial sem aterro; tratamento de lixiviado sem remocao de inorganicos; recuperacao metalurgica de metais a partir de minerio	BR102017008470		PROCESSO DE OBTENÇÃO DE SÍLICA PROVENIENTE DA CINZA IN NATURA DO BAGAÇO DE CANA-DE-AÇÚCAR	A presente invenção trata do processo de produção da sílica MP2, que utiliza a cinza do bagaço da cana-de-açúcar (in natura), um resíduo da indústria sucroalcooleira para produção de silicatos de metais alcalinos. É feita uma mistura da matéria-prima, sem qualquer tipo de pré-tratamento, com uma substância alcalina, na faixa de 50% a 85% m/m, com posterior aquecimento a uma faixa de temperatura entre 300° C e 700° C, pelo tempo de 1h a 6h. Após a solubilização do silicato, é realizada uma acidificação com um ácido inorgânico, para pH entre 8 e 10, para que haja a precipitação da sílica. Posteriormente à precipitação, é realizada uma filtração para a retirada do excesso de água e, em seguida, realiza-se a secagem em estufa em uma faixa de temperatura de 50° C a 120° C durante um tempo compreendido entre 3h e 8h.	pooling_derivadas	bm25_4variantes			0	Obtencao de silica de cinza de bagaco		
QA006E	purificacao_agua	especifica	remocao de metais pesados de lixiviado de aterro sanitario	Patentes sobre tratamento de lixiviado ou chorume de aterro em que a remocao de metais pesados ou de contaminantes inorganicos seja parte declarada do processo	Tratamento de agua potavel ou de efluente industrial sem aterro; tratamento de lixiviado sem remocao de inorganicos; recuperacao metalurgica de metais a partir de minerio	BR112022009001		MÉTODO PARA PREPARAR UMA COMPOSIÇÃO DE ÓXIDO DO TIPO PEROVSKITA SUPORTADA POR ALUMINA, COMPOSIÇÃO DE ÓXIDO DO TIPO PEROVSKITA SUPORTADA POR ALUMINA E SEUS COMPÓSITOS E USOS RELACIONADOS	MÉTODO PARA PREPARAR UMA COMPOSIÇÃO DE ÓXIDO DO TIPO PEROVSKITA SUPORTADA POR ALUMINA, COMPOSIÇÃO DE ÓXIDO DO TIPO PEROVSKITA SUPORTADA POR ALUMINA E SEUS COMPÓSITOS E USOS RELACIONADOS. A presente invenção refere-se a um método para preparar uma composição de óxido tipo perovskita suportada por alumina, a uma composição de óxido tipo perovskita suportada por alumina e ao uso de tal composição de óxido tipo perovskita suportada por alumina em sistemas catalíticos em aplicações de controle de emissão.	pooling_derivadas	bm25_4variantes			0	Composicao de oxido tipo perovskita suportada por alumina		
QF002	tratamentos_cancer_farmacos	tecnica	conjugado anticorpo-fármaco com ligante clivável para terapia antitumoral	Patentes sobre ADCs com linker, carga citotóxica, anticorpo alvo e indicação oncológica claramente descritos	Formulações genéricas de anticorpos; conjugados para diagnóstico	BR112023008845	112023008845	Composição farmacêutica, e, método de tratamento	composição farmacêutica, e, método de tratamento. uma composição farmacêutica e um método de tratamento que são excelentes em termos de efeito antitumoral e segurança são providos. uma composição farmacêutica e um método de tratamento, distinguidos por um conjugado anticorpo-fármaco, no qual um ligante-fármaco mostrado pela fórmula (na fórmula, a representa o sítio de ligação com o anticorpo) e um anticorpo estão ligados por uma ligação tioéter, é administrado em combinação com um inibidor de interação sirp-cd47, tal como um anticorpo anti-sirp etc. também, uma composição farmacêutica e um método de tratamento, distinguidos pelo conjugado anticorpo-fármaco e um inibidor de interação sirp-cd47, tal como um anticorpo anti-sirp, etc. são administrados em combinação e usados para tratar uma doença que é melhorada pela ação de ativação de imunidade antitumoral.	pooling	bm25_hier|bm25_ipc|bm25_tr	3	1	3	ADC com ligante-farmaco explicito, ligacao tioeter, efeito antitumoral		
QF002	tratamentos_cancer_farmacos	tecnica	conjugado anticorpo-fármaco com ligante clivável para terapia antitumoral	Patentes sobre ADCs com linker, carga citotóxica, anticorpo alvo e indicação oncológica claramente descritos	Formulações genéricas de anticorpos; conjugados para diagnóstico	BR112022026205	112022026205	PRODUTO FARMACÊUTICO, USO DE UM CONJUGADO ANTICORPO ANTI-HER2-FÁRMACO OU UM INIBIDOR DE ATR NA FABRICAÇÃO DE UM MEDICAMENTO, E, MÉTODO DE TRATAMENTO DO CÂNCER	PRODUTO FARMACÊUTICO, USO DE UM CONJUGADO ANTICORPO ANTI-HER2-FÁRMACO OU UM INIBIDOR DE ATR NA FABRICAÇÃO DE UM MEDICAMENTO, E, MÉTODO DE TRATAMENTO DO CÂNCER. É proporcionado um produto farmacêutico para administração de um conjugado anticorpo anti-HER2-fármaco em combinação com um inibidor de ATR. O conjugado anticorpo anti-HER2-fármaco é um conjugado anticorpo-fármaco no qual um ligante de fármaco representado pela seguinte fórmula (em que A representa a posição de conexão a um anticorpo) é conjugado a um anticorpo anti-HER2 através de uma ligação de tioéter. É também proporcionado um uso terapêutico e método, em que o conjugado anticorpo-fármaco e o inibidor de ATR são administrados em combinação a um sujeito: Fórmula (I).	pooling	bm25_hier|bm25_ipc|bm25_tr	3	2	3	ADC anti-HER2 com ligante de farmaco descrito, tratamento de cancer		
QF002	tratamentos_cancer_farmacos	tecnica	conjugado anticorpo-fármaco com ligante clivável para terapia antitumoral	Patentes sobre ADCs com linker, carga citotóxica, anticorpo alvo e indicação oncológica claramente descritos	Formulações genéricas de anticorpos; conjugados para diagnóstico	BR112022014398	112022014398	CONJUGADO DE FÁRMACO DE DERIVADO DE ERIBULINA, MÉTODO DE PREPARAÇÃO PARA O MESMO E APLICAÇÃO DO MESMO EM MEDICINA	CONJUGADO DE FÁRMACO DE DERIVADO DE ERIBULINA, MÉTODO DE PREPARAÇÃO PARA O MESMO E APLICAÇÃO DO MESMO EM MEDICINA. A presente revelação se refere a um conjugado de fármaco de um derivado de Eribulina, um método de preparação para o mesmo e uma aplicação do mesmo em medicina. Especificamente, é fornecido um conjugado anticorpo fármaco, que contém uma porção de fármaco de derivado de Eribulina. A presente revelação se refere ainda a um método para tratar câncer administrando-se o conjugado anticorpo fármaco fornecido no presente documento.	pooling	bm25_hier|bm25_ipc|bm25_tr	3	4	3	ADC com carga citotoxica (derivado de eribulina) para tratar cancer		
QF002	tratamentos_cancer_farmacos	tecnica	conjugado anticorpo-fármaco com ligante clivável para terapia antitumoral	Patentes sobre ADCs com linker, carga citotóxica, anticorpo alvo e indicação oncológica claramente descritos	Formulações genéricas de anticorpos; conjugados para diagnóstico	BR112023020093	112023020093	Conjugado anticorpo-fármaco, incluindo anticorpo contra cldn18.2 humano, e uso do mesmo	conjugado anticorpo-fármaco, incluindo anticorpo contra cldn18.2 humano, e uso do mesmo. a presente descrição se refere a um novo conjugado anticorpo-fármaco (adc) direcionado à isoforma 2 da claudina 18 (cldn18.2), um metabólito ativo do adc, um método de produção do adc, uso do adc para o tratamento e/ou prevenção de doenças, e uso do adc para produzir um medicamento para o tratamento e/ou prevenção de doenças, mais especificamente doenças hiperproliferativas e/ou angiogênicas, por exemplo, câncer, e mais particularmente, a um conjugado anticorpo-fármaco incluindo um novo anticorpo ou fragmento de ligação ao antígeno do mesmo que se liga a cldn18.2, e uma composição farmacêutica incluindo o mesmo.	pooling	bm25_hier|bm25_ipc|bm25_tr	3	5	3	ADC anti-CLDN18.2 com metabolito ativo, indicacao oncologica		
QF002	tratamentos_cancer_farmacos	tecnica	conjugado anticorpo-fármaco com ligante clivável para terapia antitumoral	Patentes sobre ADCs com linker, carga citotóxica, anticorpo alvo e indicação oncológica claramente descritos	Formulações genéricas de anticorpos; conjugados para diagnóstico	BR112022024930	112022024930	FÁRMACO DE CAMPTOTECINA POSSUINDO UNIDADE DE CONEXÃO HIDROFÍLICA DE ALTA ESTABILIDADE E CONJUGADO DO MESMO	FÁRMACO DE CAMPTOTECINA POSSUINDO UNIDADE DE CONEXÃO HIDROFÍLICA DE ALTA ESTABILIDADE E CONJUGADO DO MESMO. A presente invenção refere-se a fármaco camptotecina com uma unidade de conexão hidrofílica altamente estável e conjugado do mesmo, ou sal farmaceuticamente aceitável do mesmo, incluindo métodos para sua preparação e suas aplicações na prevenção e/ou tratamento do câncer. O conjugado pode se ligar especificamente a receptores altamente expressos em células tumorais. Os conjugados possuem excelente solubilidade, estabilidade e homogeneidade em água, e podem ser usados para prevenir e/ou tratar tumores e/ou outras doenças.	pooling	bm25_hier|bm25_ipc|bm25_tr	3	9	3	Conjugado com carga camptotecina e unidade de conexao hidrofilica, alvo tumoral		
QF002	tratamentos_cancer_farmacos	tecnica	conjugado anticorpo-fármaco com ligante clivável para terapia antitumoral	Patentes sobre ADCs com linker, carga citotóxica, anticorpo alvo e indicação oncológica claramente descritos	Formulações genéricas de anticorpos; conjugados para diagnóstico	BR112022007719	112022007719	IMUNOCONJUGADOS, COMPOSTO LIGANTE, COMPOSIÇÃO FARMACÊUTICA, MÉTODO PARA TRATAR CÂNCER, USO DE UM IMUNOCONJUGADO E MÉTODO DE PREPARAÇÃO DE UM IMUNOCONJUGADO	IMUNOCONJUGADOS, COMPOSTO LIGANTE, COMPOSIÇÃO FARMACÊUTICA, MÉTODO PARA TRATAR CÂNCER, USO DE UM IMUNOCONJUGADO E MÉTODO DE PREPARAÇÃO DE UM IMUNOCONJUGADO. A invenção fornece imunoconjugados de Fórmula I compreendendo um anticorpo ligado por conjugação a um ou mais derivados de tienoazepina. A invenção também fornece composições intermediárias de derivado de tienoazepina compreendendo um grupo funcional reativo. Essas composições intermediárias são substratos adequados para formação dos imunoconjugados através de um ligante ou uma fração de ligação. A invenção ainda fornece métodos para tratar câncer com os imunoconjugados.	pooling	bm25_hier|bm25_ipc	2	11	3	Imunoconjugado anticorpo + tienoazepina via ligante, tratar cancer		
QF002	tratamentos_cancer_farmacos	tecnica	conjugado anticorpo-fármaco com ligante clivável para terapia antitumoral	Patentes sobre ADCs com linker, carga citotóxica, anticorpo alvo e indicação oncológica claramente descritos	Formulações genéricas de anticorpos; conjugados para diagnóstico	BR112016017893	112016017893	CONJUGADO DE ANTICORPO-FÁRMACO, MEDICAMENTO ANTITUMORAL E/OU ANTICANCERÍGENO, E COMPOSIÇÃO FARMACÊUTICA	CONJUGADO DE ANTICORPO-FÁRMACO ANTI-HER3. Proporcionar um fármaco antitumor tendo excelente efeito terapêutico, o qual é excelente em termos de efeito antitumor e segurança. É fornecido um conjugado de anticorpo-fármaco no qual um composto antitumor representado pela fórmula a seguir é conjugado a um anticorpo anti-HER3 através de um ligante tendo uma estrutura representada pela fórmula: -L(1)-L(2)-L(P)-NH-(CH(2))n(1)-L(a)-(CH(2))n(2)-C(=O)- ou -L(1)-L(2)-L(P)- (o anticorpo anti-HER3 é conectado ao término de L(1), o composto antitumor é conectado ao grupo carbonila da porção -(CH(2))n(2)-C(=O)- ou ao C-término de L(P), com o átomo de nitrogênio do grupo amino na posição 1 como uma posição de conexão).	pooling_corpus1000	bm25_corpus1000	1		3	ADC anti-HER3 com composto antitumoral conjugado por ligante definido		
QF002	tratamentos_cancer_farmacos	tecnica	conjugado anticorpo-fármaco com ligante clivável para terapia antitumoral	Patentes sobre ADCs com linker, carga citotóxica, anticorpo alvo e indicação oncológica claramente descritos	Formulações genéricas de anticorpos; conjugados para diagnóstico	BR112022025105	112022025105	MÉTODO PARA O TRATAMENTO DE CÂNCER CERVICAL EM UM INDIVÍDUO, CONJUGADO ANTICORPO-FÁRMACO, E, USO DE UM CONJUGADO ANTICORPO-FÁRMACO	MÉTODO PARA O TRATAMENTO DE CÂNCER CERVICAL EM UM INDIVÍDUO, CONJUGADO ANTICORPO-FÁRMACO, E, USO DE UM CONJUGADO ANTICORPO-FÁRMACO. A invenção provê métodos e composições para o tratamento de câncer, como o câncer cervical avançado, em um indivíduo, tal composto pela administração de conjugados anticorpo-fármaco que se ligam ao fator tecidual (TF). A invenção também provê artigos manufaturados e composições que compreendem os ditos conjugados anticorpo-fármaco que se ligam ao TF para uso no tratamento de câncer (por exemplo, câncer cervical avançado).	pooling	bm25_hier|bm25_ipc|bm25_tr	3	3	2	ADC anti-TF para cancer cervical; linker e carga nao descritos		
QF002	tratamentos_cancer_farmacos	tecnica	conjugado anticorpo-fármaco com ligante clivável para terapia antitumoral	Patentes sobre ADCs com linker, carga citotóxica, anticorpo alvo e indicação oncológica claramente descritos	Formulações genéricas de anticorpos; conjugados para diagnóstico	BR112020010856	112020010856	USO DE CONJUGADO DE ANTICORPO ANTI-HER2-FÁRMACO NO TRATAMENTO DE CARCINOMA UROTELIAL	USO DE CONJUGADO DE ANTICORPO ANTI-HER2-FÁRMACO NO TRATAMENTO DE CARCINOMA UROTELIAL. A presente invenção se refere ao uso de um conjugado de fármaco e anticorpo anti-HER2 (ADC) na preparação de um fármaco para tratar carcinoma urotelial. O fármaco é seguro e eficaz para pacientes com carcinoma urotelial, especialmente carcinoma urotelial metastático ou localmente avançado, e pode prolongar de modo eficaz o tempo de sobrevida dos pacientes.	pooling	bm25_hier|bm25_ipc|bm25_tr	3	5	2	Uso de ADC anti-HER2 em carcinoma urotelial; sem detalhe de linker		
QF002	tratamentos_cancer_farmacos	tecnica	conjugado anticorpo-fármaco com ligante clivável para terapia antitumoral	Patentes sobre ADCs com linker, carga citotóxica, anticorpo alvo e indicação oncológica claramente descritos	Formulações genéricas de anticorpos; conjugados para diagnóstico	BR112022001045	112022001045	MÉTODO PARA TRATAR UM INDIVÍDUO COM OU EM RISCO DE DESENVOLVER UM CÂNCER ASSOCIADO A LIV1, E, KIT	MÉTODO PARA TRATAR UM INDIVÍDUO COM OU EM RISCO DE DESENVOLVER UM CÂNCER ASSOCIADO A LIV1, E, KIT. São providos métodos para utilizar anticorpos anti-LIV1 e conjugados anticorpo-fármaco, incluindo conjugados anticorpo anti-LIV1-fármaco, para inibir a proliferação de uma célula, tal como uma célula que expressa LIV1, bem como para o tratamento de cânceres, como, por exemplo, tumores sólidos e câncer de mama (por exemplo, câncer de mama localmente avançado ou metastático) associados a LIV1.	pooling	bm25_hier|bm25_ipc|bm25_tr	3	8	2	ADC anti-LIV1 para cancer; alvo claro, sem linker/carga		
QF002	tratamentos_cancer_farmacos	tecnica	conjugado anticorpo-fármaco com ligante clivável para terapia antitumoral	Patentes sobre ADCs com linker, carga citotóxica, anticorpo alvo e indicação oncológica claramente descritos	Formulações genéricas de anticorpos; conjugados para diagnóstico	BR112022009672	112022009672	TRATAMENTO DE CÂNCERES COM CONJUGADOS ANTICORPO-FÁRMACO (ADC) QUE SE LIGAM A PROTEÍNAS 191P4D12	TRATAMENTO DE CÂNCERES COM CONJUGADOS ANTICORPO-FÁRMACO (ADC) QUE SE LIGAM A PROTEÍNAS 191P4D12. A presente invenção refere-se a métodos para o tratamento de cânceres com conjugados anticorpo-fármaco (ADC) que ligam a proteínas 191P4D12.	pooling	bm25_hier|bm25_ipc|bm25_tr	3	11	2	ADC anti-191P4D12 para cancer; descricao muito curta		
QF002	tratamentos_cancer_farmacos	tecnica	conjugado anticorpo-fármaco com ligante clivável para terapia antitumoral	Patentes sobre ADCs com linker, carga citotóxica, anticorpo alvo e indicação oncológica claramente descritos	Formulações genéricas de anticorpos; conjugados para diagnóstico	BR112022002391	112022002391	TRATAMENTO DE CÂNCER COM CONJUGADOS ANTICORPO-FÁRMACO (ADC) QUE SE LIGAM ÀS PROTEÍNAS 191P4D12	TRATAMENTO DE CÂNCER COM CONJUGADOS ANTICORPO-FÁRMACO (ADC) QUE SE LIGAM ÀS PROTEÍNAS 191P4D12. A presente invenção refere-se a métodos para o tratamento de cânceres com conjugados anticorpo-fármaco (ADC) que se ligam às proteínas 191P4D12.	pooling	bm25_tr	1	11	2	ADC anti-191P4D12 para cancer; duplicata proxima do anterior		
QF002	tratamentos_cancer_farmacos	tecnica	conjugado anticorpo-fármaco com ligante clivável para terapia antitumoral	Patentes sobre ADCs com linker, carga citotóxica, anticorpo alvo e indicação oncológica claramente descritos	Formulações genéricas de anticorpos; conjugados para diagnóstico	BR112023012932	112023012932	Método para produção de conjugado de anticorpo-imunoestimulante	método para produção de conjugado de anticorpo-imunoestimulante. a presente invenção refere-se a método estereosseletivo para a preparação de um derivado de dinucleotídeo cíclico e um intermediário de produção do mesmo, que pode ser usado para um conjugado anticorpo-imunoestimulante. refere-se também a método para a produção de um dinucleotídeo cíclico-ligante e um conjugado anticorpo-imunoestimulante enquanto usando o método de produção acima. além disso, é fornecido um método para a preparação de um derivado de dinucleotídeo cíclico, o método incluindo a etapa de submeter um composto (i) e um composto (iv) à condensação estereosseletiva usando um agente fosfitilante opticamente ativo (rc-ii) ou (sc-ii).	pooling_corpus1000	bm25_corpus1000	1		2	Conjugado anticorpo-imunoestimulante com dinucleotideo ciclico-ligante; carga nao citotoxica		
QF002	tratamentos_cancer_farmacos	tecnica	conjugado anticorpo-fármaco com ligante clivável para terapia antitumoral	Patentes sobre ADCs com linker, carga citotóxica, anticorpo alvo e indicação oncológica claramente descritos	Formulações genéricas de anticorpos; conjugados para diagnóstico	BR112022014006	112022014006	MÉTODO DE OTIMIZAÇÃO ESTRUTURAL PARA MELHORAR O DESEMPENHO TERANÓSTICO DE TERAPIA COM RADIONUCLÍDEOS DIRECIONADOS PARA O RECEPTOR PEPTÍDICO PARA CÂNCER	MÉTODO DE OTIMIZAÇÃO ESTRUTURAL PARA MELHORAR O DESEMPENHO TERANÓSTICO DE TERAPIA COM RADIONUCLÍDEOS DIRECIONADOS PARA O RECEPTOR PEPTÍDICO PARA CÂNCER. A presente invenção proporciona em certas modalidades um conjugado de direcionamento para carcinoma compreendendo a Fórmula I em que T é um ligante de direcionamento para SST2R, L é um ligante, e X é um quelante, para o tratamento terapêutico do câncer, e métodos de uso do mesmo.	pooling	bm25_hier|bm25_ipc|bm25_tr	3	7	1	Conjugado com ligante e quelante para radionuclideo, nao e anticorpo-farmaco		
QF002	tratamentos_cancer_farmacos	tecnica	conjugado anticorpo-fármaco com ligante clivável para terapia antitumoral	Patentes sobre ADCs com linker, carga citotóxica, anticorpo alvo e indicação oncológica claramente descritos	Formulações genéricas de anticorpos; conjugados para diagnóstico	BR112022021765	112022021765	CONJUGADO DE PROTEÍNA, COMPOSIÇÃO FARMACÊUTICA, MÉTODO PARA PREVENÇÃO OU TRATAMENTO DE ESTEATO-HEPATITE NÃO ALCOÓLICA, FÍGADO GORDUROSO, FIBROSE HEPÁTICA, CIRROSE, CÂNCER DE FÍGADO, OBESIDADE OU DIABETES, MÉTODO PARA PREPARAÇÃO DE UM CONJUGADO DE PROTEÍNA	CONJUGADO DE PROTEÍNA, COMPOSIÇÃO FARMACÊUTICA, MÉTODO PARA PREVENÇÃO OU TRATAMENTO DE ESTEATO-HEPATITE NÃO ALCOÓLICA, FÍGADO GORDUROSO, FIBROSE HEPÁTICA, CIRROSE, CÂNCER DE FÍGADO, OBESIDADE OU DIABETES, MÉTODO PARA PREPARAÇÃO DE UM CONJUGADO DE PROTEÍNA. A presente invenção refere-se a um conjugado de proteína que compreende poliubiquitina, um carreador ligado à poliubiquitina e duas ou mais biomoléculas ligadas à poliubiquitina ou ao carreador. Além disso, a presente invenção refere-se a uma composição farmacêutica para prevenção ou tratamento de esteato-hepatite não alcoólica (EHNA), fígado gorduroso, fibrose hepática, cirrose, câncer de fígado, obesidade e diabetes, compreendendo o conjugado de proteína que compreende pelo menos duas ou mais biomoléculas.	pooling	bm25_hier|bm25_ipc	2	9	1	Conjugado de proteina, mas indicacao hepatica/metabolica, nao ADC antitumoral		
QF002	tratamentos_cancer_farmacos	tecnica	conjugado anticorpo-fármaco com ligante clivável para terapia antitumoral	Patentes sobre ADCs com linker, carga citotóxica, anticorpo alvo e indicação oncológica claramente descritos	Formulações genéricas de anticorpos; conjugados para diagnóstico	BR112022023987	112022023987	COMPLEXO IMUNOMODULADOR E USOS DO MESMO PARA TERAPIA	COMPLEXO IMUNOMODULADOR E USOS DO MESMO PARA TERAPIA. A invenção se refere a um complexo molecular que consiste em pelo menos um ligante de um açúcar sulfatado da família glicosaminoglicano ligado a pelo menos um ligante de uma molécula de superfície de células apresentadoras de antígeno ou células NK ou NKT, para uso como um medicamento imunomodulador, em particular na imunoterapia de câncer e doenças infecciosas.	pooling	bm25_tr	1	10	1	Complexo imunomodulador para cancer, sem conjugacao anticorpo-farmaco		
QF002	tratamentos_cancer_farmacos	tecnica	conjugado anticorpo-fármaco com ligante clivável para terapia antitumoral	Patentes sobre ADCs com linker, carga citotóxica, anticorpo alvo e indicação oncológica claramente descritos	Formulações genéricas de anticorpos; conjugados para diagnóstico	BR112023019112	112023019112	Composições de vacinas depletantes de fatores de crescimento hematopoiético para o tratamento de doenças inflamatórias	composições de vacinas depletantes de fatores de crescimento hematopoiético para o tratamento de doenças inflamatórias. a presente invenção refere-se aos ramos da biotecnologia e da medicina. particularmente, a presente invenção se refere a composições de vacinas terapêuticas capazes de produzir uma reação autoimune contra fatores de crescimento hematopoiético, tais como g-scf e/ou gm-csf, ligadas a outras moléculas ou um fragmento das mesmas por conjugação química ou fusão. as referidas composições de vacinas são úteis para o tratamento de doenças inflamatórias, em especial onde ocorra um aumento patológico de neutrófilos circulantes.	aleatorio		0	999	1	Conjugacao quimica em vacina, mas doencas inflamatorias, nao oncologia		
QF002	tratamentos_cancer_farmacos	tecnica	conjugado anticorpo-fármaco com ligante clivável para terapia antitumoral	Patentes sobre ADCs com linker, carga citotóxica, anticorpo alvo e indicação oncológica claramente descritos	Formulações genéricas de anticorpos; conjugados para diagnóstico	BR112022010069	112022010069	ANTICORPO BIESPECÍFICO, MOLÉCULA DE ÁCIDO NUCLEICO ISOLADA, VETOR, CÉLULA HOSPEDEIRA, CONJUGADO, KIT, USO DO ANTICORPO BIESPECÍFICO E COMPOSIÇÃO FARMACÊUTICA	ANTICORPO BIESPECÍFICO, MOLÉCULA DE ÁCIDO NUCLEICO ISOLADA, VETOR, CÉLULA HOSPEDEIRA, CONJUGADO, KIT, USO DO ANTICORPO BIESPECÍFICO E COMPOSIÇÃO. FARMACÊUTICA. São providos um anticorpo biespecífico anti-VEGFA-anti-PD-1 e o uso do mesmo. Especificamente, o anticorpo biespecífico anti-VEGFA-anti-PD-1 compreende: uma primeira região funcional de proteína direcionada a PD-1 e uma segunda região funcional de proteína direcionada a VEGFA. De acordo com um sistema de numeração EU, a mutação ocorre em duas posições das posições 234 e 235 de uma região constante de cadeia pesada da imunoglobulina contida no anticorpo biespecífico, e após a mutação, uma constante de afinidade do anticorpo biespecífico com FcYRI, FcYRIIa, FcYRIIIa, e/ou C1q está diminuído em comparação com aquele antes da mutação. O anticorpo biespecífico pode se ligar especificamente a VEGFA e PD-1, aliviar especificamente a imunossupressão de VEGFA e PD-1 em um organismo e inibir a angiogênese induzida por tumor e, portanto, tem boas perspectivas de aplicação.	aleatorio		0	999	1	Negativo dificil: anticorpo biespecifico oncologico sem conjugacao		
QF002	tratamentos_cancer_farmacos	tecnica	conjugado anticorpo-fármaco com ligante clivável para terapia antitumoral	Patentes sobre ADCs com linker, carga citotóxica, anticorpo alvo e indicação oncológica claramente descritos	Formulações genéricas de anticorpos; conjugados para diagnóstico	BR112017027227	112017027227	Agente anti-câncer	agente anti-câncer. a presente invenção visa proporcionar um fármaco terapêutico para câncer que tenha um efeito de tratamento superior. tratamento de câncer usando um inibidor de cbp/catenina e um inibidor do ponto de controle imune em combinação não só aumenta o efeito do tratamento em câncer, mas também permite um tratamento eficaz de pacientes com câncer com baixa sensibilidade quando um inibidor do ponto de controle imune é usado sozinho.	aleatorio		0	999	1	Negativo dificil: agente anticancer nao conjugado		
QF002	tratamentos_cancer_farmacos	tecnica	conjugado anticorpo-fármaco com ligante clivável para terapia antitumoral	Patentes sobre ADCs com linker, carga citotóxica, anticorpo alvo e indicação oncológica claramente descritos	Formulações genéricas de anticorpos; conjugados para diagnóstico	BR112022009716	112022009716	DOSAGEM DE UM INIBIDOR DE TIROSINA QUINASE DE BRUTON	DOSAGEM DE UM INIBIDOR DE TIROSINA QUINASE DE BRUTON. A presente invenção refere-se a um método de administração de doses do inibidor de BTK, (S)-5-amino-3-(4-((5-fluoro-2-metoxibenzamido)metil)fenil)-1-(1,1,1-trifluoropropano-2-il)-1H-pirazol-4-carboxamida ou um sal farmaceuticamente aceitável da mesma para uso no tratamento ou condições, tais como câncer e doenças autoimunes.	aleatorio		0	999	1	Negativo dificil: inibidor de BTK para cancer, sem conjugado		
QF002	tratamentos_cancer_farmacos	tecnica	conjugado anticorpo-fármaco com ligante clivável para terapia antitumoral	Patentes sobre ADCs com linker, carga citotóxica, anticorpo alvo e indicação oncológica claramente descritos	Formulações genéricas de anticorpos; conjugados para diagnóstico	BR112023001241	112023001241	MOLÉCULA DE LIGAÇÃO DE IL-18, COMPOSIÇÃO COMPREENDENDO A MOLÉCULA DE LIGAÇÃO DE IL-18, E, MÉTODO PARA MODULAR NÍVEIS DE IL-18 EM UM PACIENTE	MOLÉCULA DE LIGAÇÃO DE IL-18, COMPOSIÇÃO COMPREENDENDO A MOLÉCULA DE LIGAÇÃO DE IL-18, E, MÉTODO PARA MODULAR NÍVEIS DE IL-18 EM UM PACIENTE. A presente invenção provê compostos e composições para o uso no tratamento de câncer como parte de uma Terapia de célula T de Receptor de Antígeno Quimérico (CAR-T). Em particular, a presente invenção descreve moléculas de ligação de IL-18, tais como, por exemplo, a proteína de ligação de IL-18 (IL-18BP) para o uso na Terapia de célula T de Receptor de Antígeno Quimérico (CAR-T) como um modulador para evitar ou minimizar os efeitos colaterais.	aleatorio		0	999	1	Negativo dificil: molecula de ligacao IL-18 em CAR-T, oncologia sem ADC		
QF002	tratamentos_cancer_farmacos	tecnica	conjugado anticorpo-fármaco com ligante clivável para terapia antitumoral	Patentes sobre ADCs com linker, carga citotóxica, anticorpo alvo e indicação oncológica claramente descritos	Formulações genéricas de anticorpos; conjugados para diagnóstico	BR112022022477	112022022477	MÉTODO PARA SINTETIZAR COMPOSTO ANTITUMORAL E INTERMEDIÁRIOS DO MESMO	MÉTODO PARA SINTETIZAR COMPOSTO ANTITUMORAL E INTERMEDIÁRIOS DO MESMO. A presente invenção pertence ao campo técnico de medicamentos e, particularmente, refere-se a um método para sintetizar um composto antitumoral e intermediários do mesmo. O método de síntese da presente invenção melhorou a operabilidade e permite um processo simplificado, no qual maior pureza pode ser alcançada sem o complicado processo de recristalização do composto alvo sintetizado e, portanto, se produz menos dos três resíduos, tornando o método mais adequado para a produção industrial em massa. Quando os intermediários de acordo com a presente invenção são usados para preparar um composto antitumoral, os subprodutos são efetivamente reduzidos durante as reações e, assim, o rendimento geral das reações é melhorado e é pelo menos duas vezes maior do que o obtido usando o método de síntese existente.	pooling_corpus1000	bm25_corpus1000	1		1	Negativo dificil: sintese de composto antitumoral nao conjugado		
QF002	tratamentos_cancer_farmacos	tecnica	conjugado anticorpo-fármaco com ligante clivável para terapia antitumoral	Patentes sobre ADCs com linker, carga citotóxica, anticorpo alvo e indicação oncológica claramente descritos	Formulações genéricas de anticorpos; conjugados para diagnóstico	BR112017016883	112017016883	COMPOSTOS COM ATIVIDADE ANTITUMORAL	_x0093_COMPOSTOS COM ATIVIDADE ANTITUMORAL. Compostos de fórmula geral (I), em que A representa um grupo heterociclo opcionalmente substituído, B representa um grupo arila ou heteroarila e em que X, R1, R2, R3, R4 e R5 são como definidos na descrição. Compostos de formula (I) são úteis para destruir, inibir ou prevenir o crescimento ou proliferação de células, especialmente células malignas, em tecidos circundantes, envolvidas em uma variedade de doenças animais e humanas.	pooling_corpus1000	bm25_corpus1000	1		1	Negativo dificil: composto antitumoral isolado, sem conjugacao		
QF002	tratamentos_cancer_farmacos	tecnica	conjugado anticorpo-fármaco com ligante clivável para terapia antitumoral	Patentes sobre ADCs com linker, carga citotóxica, anticorpo alvo e indicação oncológica claramente descritos	Formulações genéricas de anticorpos; conjugados para diagnóstico	BR112022009518	112022009518	DERIVADO DE ARILAMIDA TENDO ATIVIDADE ANTITUMORAL	DERIVADO DE ARILAMIDA TENDO ATIVIDADE ANTITUMORAL. A presente invenção refere-se a, por exemplo, um composto representado pela fórmula geral (6) abaixo ou um sal farmaceuticamente aceitável do mesmo ou um solvato farmaceuticamente aceitável do composto ou sal: (6) em que X1, X2, X3, X4, X5 e X6 são cada um independentemente -CR2= ou -N=; R2 é, por exemplo, um átomo de halogênio, R1 é, por exemplo, -S(=O)2-NH-R8, R8 é, por exemplo, um grupo C1-6 alquila, R3 é, por exemplo, um átomo de hidrogênio, R5 é, por exemplo, um átomo de halogênio, R6 é, por exemplo, um átomo de hidrogênio e R4 é, por exemplo, um grupo ciclopropila. Os compostos, sais ou solvatos providos pela presente invenção exibem atividade de estabilização do complexo RAF/MEK alta e podem ser usados para o tratamento ou prevenção de distúrbios proliferativos celulares, particularmente cânceres.	pooling_corpus1000	bm25_corpus1000	1		1	Negativo dificil: derivado de arilamida antitumoral, sem anticorpo		
QF002	tratamentos_cancer_farmacos	tecnica	conjugado anticorpo-fármaco com ligante clivável para terapia antitumoral	Patentes sobre ADCs com linker, carga citotóxica, anticorpo alvo e indicação oncológica claramente descritos	Formulações genéricas de anticorpos; conjugados para diagnóstico	BR112022025675	112022025675	MÉTODO PARA DETERMINAR ANTÍGENO LIVRE	MÉTODO PARA DETERMINAR ANTÍGENO LIVRE. A presente invenção trata de um método para determinar o antígeno livre de um anticorpo em uma amostra de soro não diluído que compreende as etapas de (a) aplicar a amostra não diluída a uma fase sólida na qual um anticorpo de captura foi imobilizado para formar um complexo anticorpo de captura-antígeno, em que o anticorpo de captura compete com o anticorpo pela ligação a um primeiro epítopo no antígeno, (b) aplicar à fase sólida de um anticorpo traçador para formar um complexo anticorpo de captura-antígeno-anticorpo traçador, em que o anticorpo traçador se liga especificamente a um segundo epítopo em o antígeno, em que o epítopo do anticorpo traçador não se sobrepõe ao epítopo do anticorpo de captura no antígeno, e (c) determinar o antígeno livre do anticorpo ao determinar o anticorpo traçador no complexo anticorpo de captura-antígeno-anticorpo traçador.	pooling_corpus1000	bm25_corpus1000	1		1	Negativo dificil: ensaio com anticorpo de captura, uso diagnostico		
QF002	tratamentos_cancer_farmacos	tecnica	conjugado anticorpo-fármaco com ligante clivável para terapia antitumoral	Patentes sobre ADCs com linker, carga citotóxica, anticorpo alvo e indicação oncológica claramente descritos	Formulações genéricas de anticorpos; conjugados para diagnóstico	BR0619595	PI0619595	ANTICORPO NEUTRALIZANTE, SEQUÊNCIA DE DNA ISOLADA, VETOR DE CLONAGEM OU EXPRESSÃO, CÉLULA HOSPEDEIRA, PROCESSO PARA A PRODUÇÃO DE UM ANTICORPO, COMPOSIÇÃO FARMACÊUTICA, E, USO DE UM ANTICORPO NEUTRALIZANTE HUMANIZADO	ANTICORPO NEUTRALIZANTE, EPÍTOPO, SEQUÊNCIA DE DNA ISOLADA, VETOR DE CLONAGEM OU EXPRESSÃO, CÉLULA HOSPEDEIRA, PROCESSO PARA A PRODUÇÃO DE UM ANTICORPO, COMPOSIÇÃO FARMACÊUTICA, E, USO DE UM ANTICORPO NEUTRALIZANTE HUMANIZADO OU COMPLETAMENTE HUMANO. A invenção se refere a moléculas de anticorpo tendo especificidade para determinantes antigênicos de IL-6, usos terapêuticos das moléculas de anticorpo e métodos para produzir ditas moléculas de anticorpo.	pooling_corpus1000	bm25_corpus1000	1		1	Negativo dificil: anticorpo neutralizante anti-IL-6, sem conjugacao		
QF002	tratamentos_cancer_farmacos	tecnica	conjugado anticorpo-fármaco com ligante clivável para terapia antitumoral	Patentes sobre ADCs com linker, carga citotóxica, anticorpo alvo e indicação oncológica claramente descritos	Formulações genéricas de anticorpos; conjugados para diagnóstico	BR112015008347	112015008347	Molécula de anticorpo, uso de dita molécula de anticorpo, composição para uso no tratamento de uma doença associada com beta-amilóide, uso de uma composição, ácido nucleico, célula hospedeira e método para produção de uma molécula de anticorpo	molécula de anticorpo isolada, uso de dita molécula de anticorpo, composição, ácido nucleico isolado, célula hospedeira, métodos para produção de uma mólecula de anticorpo, para produzir um domínio de ligação de antígeno ao anticorpo para a(beta)1-42 humano e para produzir um membro de ligação que se liga a a(beta)1-42 humana. anticorpos para beta-amilóides humanos. o anticorpo liga-se seletivamente ao péptido beta-amilóide 42 humano em relação ao péptido 40. anticorpos específicos para a beta-amilóide 42, como agentes terapêuticos, para a ligação ao péptido beta-amilóide 42 e o tratamento de condições associadas com amiloidose, tal como a doença de alzheimer.	pooling_corpus1000	bm25_corpus1000	1		1	Negativo dificil: anticorpo anti-beta-amiloide, fora da oncologia		
QF002	tratamentos_cancer_farmacos	tecnica	conjugado anticorpo-fármaco com ligante clivável para terapia antitumoral	Patentes sobre ADCs com linker, carga citotóxica, anticorpo alvo e indicação oncológica claramente descritos	Formulações genéricas de anticorpos; conjugados para diagnóstico	BR112015002605	112015002605	AGENTE DE ANTICORPO ESPECÍFICO PARA O VÍRUS DA DENGUE, SEU USO, KIT, COMPOSIÇÃO FARMACÊUTICA E MÉTODO PARA SUA PRODUÇÃO	AGENTE DE ANTICORPO ESPECÍFICO PARA O VÍRUS DA DENGUE, SEU USO, KIT, COMPOSIÇÃO FARMACÊUTICA E MÉTODO PARA SUA PRODUÇÃO. A presente invenção refere-se a, entre outras coisas, o fornecimento de agentes de anticorpo (por exemplo, anticorpos e/ou fragmentos de ligação ao antígeno destes) que se ligam aos epítopos de VD, bem como composições que os contêm e métodos do desenho, fornecimento, formulação, utilização, identificação e/ou caracterização deles. Em algumas modalidades fornecidas, os aentes de anticorpo mostram ligação significativa a uma pluralidade de sorotipos de VD. Em algumas modalidades, os agentes de anticorpo fornecidos mostram ligação significativa a todos os quatro sorotipos de VD. Tais agentes de anticorpo são úteis, por exemplo, na profilaxia, tratamento, diagnóstico e/ou estudo de VD.	pooling_corpus1000	bm25_corpus1000	1		1	Negativo dificil: anticorpo anti-dengue, sem conjugacao		
QF002	tratamentos_cancer_farmacos	tecnica	conjugado anticorpo-fármaco com ligante clivável para terapia antitumoral	Patentes sobre ADCs com linker, carga citotóxica, anticorpo alvo e indicação oncológica claramente descritos	Formulações genéricas de anticorpos; conjugados para diagnóstico	BR102017020557	102017020557	DISPOSITIVOS SENSORES DE PRESSÃO DE TURGESCÊNCIA CELULAR DE PLANTAS E SISTEMAS AUTOMÁTICOS DE IRRIGAÇÃO	DISPOSITIVOS SENSORES DE PRESSÃO DE TURGESCÊNCIA CELULAR DE PLANTAS E SISTEMAS AUTOMÁTICOS DE IRRIGAÇÃO. A presente invenção se situa no campo de dispositivos sensores de pressão e seus usos para a geração de sistemas automáticos de irrigação. Mais precisamente, os dispositivos sensores da presente invenção, instalados em corpos vegetais, são configurados de modo a operar como válvulas sensíveis à pressão de turgescência celular das plantas tal que, integrados a componentes de sistemas de irrigação, possibilitam a automatização da rega de acordo com a necessidade hídrica das plantas. Estes sensores são caracterizados por serem dotados de um duto interno compressível, denominado duto turgormétrico, interligado aos dutos de entrada e de saída do sensor. O duto turgormétrico é formado pela associação de um sulco ou canal do sensor a uma membrana flexível sensível à pressão de turgescência celular do corpo vegetal, tal que a resposta do corpo vegetal sobre esta membrana determina a condição de compressão do duto turgormétrico, permitindo ou impedindo o fluxo de água ou ar, e assim disparando ou interrompendo a ação de irrigação. A presente invenção revela também concretizações possíveis de sistemas automáticos de irrigação, gerados pela integração do sensor desenvolvido a variações de hastes de irrigação. Entre uma das principais vantagens dos sistemas automáticos de irrigação obtidos com o uso dos sensores turgormétricos está o fato de constituírem sistemas que operam com água sob baixa pressão de serviço e em precisa sintonia com a necessidade hídrica da planta, fornecendo uma solução de maior sustentabilidade e economia em termos de gestão energética e do recurso hídrico.	aleatorio		0	999	0	Irrigacao de plantas, dominio nao relacionado		
QF002	tratamentos_cancer_farmacos	tecnica	conjugado anticorpo-fármaco com ligante clivável para terapia antitumoral	Patentes sobre ADCs com linker, carga citotóxica, anticorpo alvo e indicação oncológica claramente descritos	Formulações genéricas de anticorpos; conjugados para diagnóstico	BR112018076607	112018076607	PROCESSO DE PRODUÇÃO DE BUTADIENO PARTINDO DE ETANOL QUE COMPREENDE UMA PURIFICAÇÃO DE UM EFLUENTE RICO EM BUTADIENO POR DESTILAÇÃO COM EXTRAÇÃO	A invenção refere-se a um processo de produção de butadieno partindo de uma carga de etanol que compreende uma etapa de conversão do etanol em butadieno, uma etapa de destilação, uma etapa de lavagem com água, uma etapa de purificação do butadieno que compreende pelo menos uma seção de separação do buteno-1 por destilação com extração e uma seção de destilação final alimentada pelo destilado de butadieno retirado, separando no topo um efluente de butadieno purificado e no fundo um resíduo de butenos e uma etapa de tratamento dos efluentes.	aleatorio		0	999	0	Producao de butadieno, dominio nao relacionado		
QF002	tratamentos_cancer_farmacos	tecnica	conjugado anticorpo-fármaco com ligante clivável para terapia antitumoral	Patentes sobre ADCs com linker, carga citotóxica, anticorpo alvo e indicação oncológica claramente descritos	Formulações genéricas de anticorpos; conjugados para diagnóstico	BR112022026738	112022026738	INTERFACE DE ATENÇÃO (AT) PARA RECOMENDAÇÕES DE TAXA DE BITS DA REDE DE ACESSO POR RÁDIO	INTERFACE DE ATENÇÃO (AT) PARA RECOMENDAÇÕES DE TAXA DE BITS DA REDE DE ACESSO POR RÁDIO. Várias modalidades podem fornecer assistência de downlink de serviço de streaming e/ou mecanismos de assistência de uplink para um dispositivo sem fio usando comandos de atenção (AT) trocados entre um processador de modem do dispositivo sem fio e outro processador do dispositivo sem fio. Várias modalidades podem incluir um comando AT que é um comando de ação de recomendação de taxa de bits incluindo uma indicação de um identificador de fluxo, uma indicação de uma taxa de bits solicitada e uma indicação de uma direção. Várias modalidades podem incluir uma resposta AT que é uma resposta de recomendação de taxa de bits, a resposta de recomendação de taxa de bits incluindo uma indicação de um identificador de fluxo, uma indicação de uma recomendação de taxa de bits e uma indicação de uma direção.	aleatorio		0	999	0	Telecomunicacoes, dominio nao relacionado		
QF002	tratamentos_cancer_farmacos	tecnica	conjugado anticorpo-fármaco com ligante clivável para terapia antitumoral	Patentes sobre ADCs com linker, carga citotóxica, anticorpo alvo e indicação oncológica claramente descritos	Formulações genéricas de anticorpos; conjugados para diagnóstico	BR102017007133	102017007133	Método de obtenção de padrões de ácidos clorogênicos, padrões assim obtidos e uso	método de obtenção de padrões de ácidos clorogênicos, padrões assim obtidos e uso a presente invenção refere-se a um método de extração e purificação de ácidos clorogênicos a partir de uma planta cultivada na américa latina (erva mate, hex paraguariensis) e com processo de obtenção otimizado por meio do emprego de planejamentos estatísticos multivariados. a presente invenção se aplica no campo da química, de forma mais específica em análises químicas e faz referência a um método de obtenção de padrões de ácidos clorogênicos.	aleatorio		0	999	0	Padroes de acidos clorogenicos, dominio nao relacionado		
QF002	tratamentos_cancer_farmacos	tecnica	conjugado anticorpo-fármaco com ligante clivável para terapia antitumoral	Patentes sobre ADCs com linker, carga citotóxica, anticorpo alvo e indicação oncológica claramente descritos	Formulações genéricas de anticorpos; conjugados para diagnóstico	BR202021016819	202021016819	DISPOSITIVO AUTOMATIZADO DE DESCARTE E FILTRAGEM DE ÁGUA DA CHUVA PARA APROVEITAMENTO E USO NÃO POTÁVEL	DISPOSITIVO AUTOMATIZADO DE DESCARTE E FILTRAGEM DE ÁGUA DA CHUVA PARA APROVEITAMENTO E USO NÃO POTÁVEL. O presente modelo de utilidade se refere a um dispositivo automatizado de descarte e filtragem de água da chuva para aproveitamento e uso não potável composto por um sistema de desvio (1), um sistema de filtragem (2) e uma caixa de controle (3) desses sistemas. Especificamente, o presente modelo de utilidade pertence ao campo da Engenharia Ambiental.	aleatorio		0	999	0	Filtragem de agua de chuva, dominio nao relacionado		
QF002	tratamentos_cancer_farmacos	tecnica	conjugado anticorpo-fármaco com ligante clivável para terapia antitumoral	Patentes sobre ADCs com linker, carga citotóxica, anticorpo alvo e indicação oncológica claramente descritos	Formulações genéricas de anticorpos; conjugados para diagnóstico	BR102021006986	102021006986	USO DE NITAZOXANIDA PARA A PREPARAÇÃO DE MEDICAMENTO PARA A PREVENÇÃO OU O TRATAMENTO DE INFECÇÃO CAUSADA POR CORONAVÍRUS SARS-COV-2	USO DE NITAZOXANIDA PARA A PREPARAÇÃO DE MEDICAMENTO PARA A PREVENÇÃO OU O TRATAMENTO DE INFECÇÃO CAUSADA POR CORONAVÍRUS SARS-COV-2. A presente invenção refere-se ao uso de nitazoxanida ou sal farmaceuticamente aceitável para a preparação de um medicamento para a prevenção ou o tratamento de infecção causada pelo coronavírus SARS-CoV-2, em que o medicamento contém 600 mg de nitazoxanida.	aleatorio		0	999	0	Nitazoxanida para COVID, sem relacao com ADC ou oncologia		
QF002	tratamentos_cancer_farmacos	tecnica	conjugado anticorpo-fármaco com ligante clivável para terapia antitumoral	Patentes sobre ADCs com linker, carga citotóxica, anticorpo alvo e indicação oncológica claramente descritos	Formulações genéricas de anticorpos; conjugados para diagnóstico	BR202021004757	202021004757	SISTEMA PARA A PURIFICAÇÃO DE BIOGÁS OBTIDO POR MEIO DE DIGESTÃO ANAERÓBIA DE RESÍDUOS SÓLIDOS URBANOS ATRAVÉS DA INJEÇÃO EM CULTIVO DE MICROALGAS	SISTEMA PARA A PURIFICAÇÃO DE BIOGÁS OBTIDO POR MEIO DE DIGESTÃO ANAERÓBIA DE RESÍDUOS SÓLIDOS URBANOS ATRAVÉS DA INJEÇÃO EM CULTIVO DE MICROALGAS. O presente modelo de utilidade trata-se de um sistema contínuo para purificação de biogás produzido a partir de fração orgânica de resíduos sólidos urbanos (RSU). Com a realização de cultivo de microalgas, será possível utilizá-las para remoção do gás sulfídrico (H2S) e do gás carbônico (CO2) presente no biogás bruto. A remoção é garantida devido a fotossíntese, processo bio-químico realizado pelas microalgas, onde ocorre a degradação de gás carbônico e água em oxigênio, sendo que essa quantidade de oxigênio será utilizada na reação química de oxidação do gás sulfídrico em sulfato, restando apenas o biogás purificado, contendo gás metano em maior proporção. O sistema contém uma coluna (1) onde o biogás bruto será injetado no cultivo. As impurezas do biogás sãoabsorvidas, pelo meio líquido e o biogás limpo sairá por um tubo no topo da coluna. O meio de cultivo é injetado em uma segunda coluna (2), que coleta biogás purificado remanescente no sistema, através de uma tubulação na parte superior da coluna. O meio é bombeado para um fotobiorreator tubular (3), onde as microalgas realizarão a fotossíntese consumindo os nutrientes do meio líquido antes deste seguir para o tanque pulmão (4) e, na sequência, ser reinjetado no sistema.	aleatorio		0	999	0	Purificacao de biogas, dominio nao relacionado		
QF002	tratamentos_cancer_farmacos	tecnica	conjugado anticorpo-fármaco com ligante clivável para terapia antitumoral	Patentes sobre ADCs com linker, carga citotóxica, anticorpo alvo e indicação oncológica claramente descritos	Formulações genéricas de anticorpos; conjugados para diagnóstico	BR102021015593	102021015593	APARATO EXPERIMENTAL PORTÁTIL PARA TRIAGEM DE ADITIVOS EMPREGADOS PARA FORMAÇÃO OU INIBIÇÃO CINÉTICA DE HIDRATOS DE CICLOPENTANO	APARATO EXPERIMENTAL PORTÁTIL PARA TRIAGEM DE ADITIVOS EMPREGADOS PARA FORMAÇÃO OU INIBIÇÃO CINÉTICA DE HIDRATOS DE CICLOPENTANO. A presente invenção refere-se a um aparato experimental portátil, de fácil utilização e econômico capaz de otimizar o processo de triagem para múltiplos aditivos ou múltiplas amostras, com possível aplicação no processo de formação e/ou inibição cinética de hidratos de gás. A invenção inclui um sistema com agitação magnética, que através de um aplicativo para Android, permite a escolha da velocidade de agitação das amostras; viabiliza estudos de hidratos de gás em qualquer laboratório devido ao baixo custo de produção; permite o estudo de novos aditivos em quantidades pequenas e, sobretudo, esta invenção apresenta um dispositivo portátil e facilmente utilizado em bancada de trabalho. Adicionalmente, o método de formação de hidratos empregado neste aparato é baseado em um modelo de hidrato alternativo, o hidrato de ciclopentano, que permite a avaliação de novos aditivos sob pressão atmosférica, conferindo economia e segurança à operação.	aleatorio		0	999	0	Aparato para hidratos de gas, dominio nao relacionado		
QF002	tratamentos_cancer_farmacos	tecnica	conjugado anticorpo-fármaco com ligante clivável para terapia antitumoral	Patentes sobre ADCs com linker, carga citotóxica, anticorpo alvo e indicação oncológica claramente descritos	Formulações genéricas de anticorpos; conjugados para diagnóstico	BR102015008336	102015008336	PREPARAÇÕES ENZIMÁTICAS COMPREENDENDO ENZIMAS IMOBILIZADAS EM NANOTUBOS DE CARBONO, PROCESSO DE OBTENÇÃO E USO	PREPARAÇÕES ENZIMÁTICAS COMPREENDENDO ENZIMAS IMOBILIZADAS EM NANOTUBOS DE CARBONO, PROCESSO DE OBTENÇÃO E USO A presente invenção descreve preparações enzimáticas compreendendo extratos enzimáticos fúngicos, que podem ser parcialmente purificados, constituídos principalmente de lignina peroxidase, imobilizados em nanotubos de carbono. A invenção descreve, ainda, o processo de obtenção destas preparações enzimáticas e o uso das mesmas na modificação estrutural de hidrocarbonetos aromáticos, mais precisamente de corantes que contenham um ou mais anéis aromáticos em sua estrutura. Tais preparações são úteis, por exemplo, no tratamento de efluentes industriais contendo poluentes recalcitrantes, tais como estes corantes, por promover sua descoloração. Dado que a diminuição dos recursos de água é um problema global, o tratamento eficaz de efluentes é um passo importante para a conservação dos recursos hídricos.	aleatorio		0	999	0	Enzimas em nanotubos, dominio nao relacionado		
QF002	tratamentos_cancer_farmacos	tecnica	conjugado anticorpo-fármaco com ligante clivável para terapia antitumoral	Patentes sobre ADCs com linker, carga citotóxica, anticorpo alvo e indicação oncológica claramente descritos	Formulações genéricas de anticorpos; conjugados para diagnóstico	BR112022015851	112022015851	MELHORIA DE DESEMPENHO DE RECEPTOR BASEADO EM APRENDIZAGEM DE MÁQUINA USANDO TONS DE REDUÇÃO DE PICO	MELHORIA DE DESEMPENHO DE RECEPTOR BASEADO EM APRENDIZAGEM DE MÁQUINA USANDO TONS DE REDUÇÃO DE PICO. Várias modalidades incluem métodos realizados em circuitos receptores de um dispositivo de comunicação sem fio para demodular formas de onda de transmissão sem fio para reconstruir tons de dados, que podem incluir receber, a partir de um transmissor, formas de onda de transmissão sem fio que incluem tons de redução de pico (PRTs) que foram inseridos por um rede neural de PRT no transmissor, e demodular as formas de onda de transmissão sem fio recebidas usando uma rede neural decodificadora que foi treinada com base nas saídas do transmissor para emitir uma reconstrução dos tons de dados. Outras modalidades incluem a troca de informações entre os circuitos transmissor e receptor para coordenar a rede neural de PRT usada para inserir PRTs no dispositivo de comunicação sem fio transmissor e a rede neural decodificadora usada no dispositivo de comunicação sem fio de recepção para demodular as formas de onda de transmissão recebidas a partir do dispositivo de comunicação sem fio transmissor.	aleatorio		0	999	0	Receptor por aprendizado de maquina, dominio nao relacionado		
QF002	tratamentos_cancer_farmacos	tecnica	conjugado anticorpo-fármaco com ligante clivável para terapia antitumoral	Patentes sobre ADCs com linker, carga citotóxica, anticorpo alvo e indicação oncológica claramente descritos	Formulações genéricas de anticorpos; conjugados para diagnóstico	BR102021015972	102021015972	Processo de produção de um antígeno, correspondente aos vírus sars-cov-2 inativado, antígeno, correspondente aos vírus sars-cov-2, inativado, composição antigênica, kits e seus usos	processo de produção de um antígeno, correspondente aosvírus sars-cov-2 inativado, antígeno, correspondente aos vírus sars-cov-2, inativado, composição antigênica, kits e seus usos. a presente invenção se refere a técnicas e processos para a produção, purificação, inativação e análise de sarscov-2. a presente invenção se refere ao processo de produção de um antígeno, correspondente aos vírus sars-cov-2 inativado por irradiação gama. o processo de produção de um antígeno, correspondente aos vírus sars-cov-2 inativado por irradiação gama é para ser utilizado na produção de uma nova vacina, antígeno para a produção de plasma hiperimune em cavalos para soroterapia, e, em diferentes espécies animais para produção de anticorpos/insumos à pesquisa e estabelecimento de técnicas de sorodiagnóstico. a presente invenção se refere a composição antigênica em que compreende o antígeno, correspondente aos vírus sars-cov-2, inativado e um veículo, excipiente, diluente farmaceuticamente aceitável. refere-se também a um processo para produção de imunoglobulina anti-sars-cov-2 utilizando o vírus sars-cov2 inativado por irradiação gama.	aleatorio		0	999	0	Antigeno SARS-CoV-2, dominio nao relacionado		
QF002	tratamentos_cancer_farmacos	tecnica	conjugado anticorpo-fármaco com ligante clivável para terapia antitumoral	Patentes sobre ADCs com linker, carga citotóxica, anticorpo alvo e indicação oncológica claramente descritos	Formulações genéricas de anticorpos; conjugados para diagnóstico	BR112012031342	112012031342	MÉTODO PARA PRODUZIR BORRACHA DE DIENO CONJUGADO MODIFICADO, BORRACHA DE DIENO CONJUGADO MODIFICADO, COMPOSIÇÃO DE BORRACHA, E, PNEU	MÉTODO PARA PRODUZIR BORRACHA DE DIENO CONJUGADO MODIFICADO, BORRACHA DE DIENO CONJUGADO MODIFICADO, COMPOSIÇÃO DE BORRACHA, E, PNEU. Proporciona-se um método para produzir uma borracha de dieno conjugado modificado útil como um material de partida para uma borracha reticulada que pode ser usada em uma banda de rodagem de pneu e análogos, de forma a reduzir o consumo de combustível. O método para produzir uma borracha de dieno conjugado modificado compreende: (a) uma etapa para obter um polímero de dieno conjugado modificado por meio de reação de um polímero de dieno conjugado que apresenta terminais ativos para metal alcalino ou metal alcalinoterroso e é obtido por meio de polimerização de um composto de dieno conjugado e um composto de vinila aromático, com um primeiro composto alcoxisilano apresentando grupos alcoxisilila compreendendo dosi ou mais grupos alcóxi e pelo menos um grupo capaz de tornar-se um ônio na presença de um agente produtor de ônio; e (b) uma etapa para mistura do polímero de dieno conjugado modificado resultante, o agente produtor de ônio; um segundo composto alcoxisilano apresentando grupos alcoxisilila e pelo menos um grupo capaz de tornar-se um ônio na presença do agente produtor de ônio, e, como um catalisador de condensação, um composto alcoxisilano contendo um elemento metálico.	pooling_corpus1000	bm25_corpus1000	1		0	Borracha de dieno conjugado; 'conjugado' em sentido quimico distinto		
QF002	tratamentos_cancer_farmacos	tecnica	conjugado anticorpo-fármaco com ligante clivável para terapia antitumoral	Patentes sobre ADCs com linker, carga citotóxica, anticorpo alvo e indicação oncológica claramente descritos	Formulações genéricas de anticorpos; conjugados para diagnóstico	BR112022007329	112022007329	POLÍMERO À BASE DE DIENO CONJUGADO MODIFICADO, MÉTODO PARA A PREPARAÇÃO DO MESMO E COMPOSIÇÃO DE BORRACHA INCLUINDO O MESMO	POLÍMERO À BASE DE DIENO CONJUGADO MODIFICADO, MÉTODO PARA A PREPARAÇÃO DO MESMO E COMPOSIÇÃO DE BORRACHA INCLUINDO O MESMO. A presente invenção refere-se a um polímero à base de dieno conjugado modificado e uma composição de borracha incluindo o mesmo, e provê um polímero à base de dieno conjugado modificado que satisfaz o seguinte: a) uma curva de distribuição do peso molecular por cromatografia de permeação em gel (GPC) tem um formato unimodal; b) a distribuição de peso molecular (PDI: MWD) é 1,00 ou mais e menos do que 1,70; c) o fluxo frio é 1,00 ou menos; e d) o teor de Si é 100 ppm ou mais com base em um peso total do polímero à base de dieno conjugado modificado.	pooling_corpus1000	bm25_corpus1000	1		0	Polimero de dieno conjugado para borracha		
QF002	tratamentos_cancer_farmacos	tecnica	conjugado anticorpo-fármaco com ligante clivável para terapia antitumoral	Patentes sobre ADCs com linker, carga citotóxica, anticorpo alvo e indicação oncológica claramente descritos	Formulações genéricas de anticorpos; conjugados para diagnóstico	BR112022003157	112022003157	COPOLÍMERO EM BLOCO, MÉTODO PARA SUA PREPARAÇÃO E COMPOSIÇÃO ASFÁLTICA COMPREENDENDO O MESMO	COPOLÍMERO EM BLOCO, MÉTODO PARA SUA PREPARAÇÃO E COMPOSIÇÃO ASFÁLTICA COMPREENDENDO O MESMO. A presente invenção refere-se a um copolímero em bloco e a um copolímero em bloco incluindo um bloco de polímero à base de vinil aromático, um bloco de polímero à base de dieno conjugado e um grupo de ligação de agente de acoplamento, em que o bloco de polímero à base de dieno conjugado inclui um grupo hidroxila, o teor de grupo hidroxila é de 0,5% em mol a 12,0% em mol, com base no teor da ligação dupla de uma unidade monomérica à base de dieno conjugado, um método para sua preparação e uma composição asfáltica incluindo o mesmo.	pooling_corpus1000	bm25_corpus1000	1		0	Copolimero em bloco para composicao asfaltica		
QF002	tratamentos_cancer_farmacos	tecnica	conjugado anticorpo-fármaco com ligante clivável para terapia antitumoral	Patentes sobre ADCs com linker, carga citotóxica, anticorpo alvo e indicação oncológica claramente descritos	Formulações genéricas de anticorpos; conjugados para diagnóstico	BR112020021822	112020021822	Complexo de amido-éter de fosfinimina, sistema de catalisador de polimerização de olefina e processo para a polimerização de olefinas	uma nova família de complexos organometálicos que contêm i) um átomo de metal selecionado de hf e zr; ii) um ligante de fosfinimina; iii) um ligante de amido-éter e pelo menos um outro ligante auxiliar. o uso de um tal complexo, em combinação com um ativador, como um catalisador de polimerização de olefina é demonstrado. os catalisadores são particularmente eficazes para a copolimerização de etileno com uma alfa olefina (como 1-buteno; 1-hexeno ou 1-octeno) e permitem a produção de copolímeros de alto peso molecular (mw maior do que 25.000); com boa incorporação de comonômero em alta produtividade.	pooling_corpus1000	bm25_corpus1000	1		0	Catalisador de polimerizacao de olefinas		
QF002	tratamentos_cancer_farmacos	tecnica	conjugado anticorpo-fármaco com ligante clivável para terapia antitumoral	Patentes sobre ADCs com linker, carga citotóxica, anticorpo alvo e indicação oncológica claramente descritos	Formulações genéricas de anticorpos; conjugados para diagnóstico	BR112022008276	112022008276	TRATAMENTO DE NEFROPATIA DIABÉTICA COM UM ESTIMULANTE DE SGC	RATAMENTO DE NEFROPATIA DIABÉTICA COM UM ESTIMULANTE DE sGC. A presente invenção refere-se a um método para o tratamento de indivíduos apresentando nefropatia diabética pela administração de certas dosagens do Composto I, um estimulante de ciclase guanilato solúvel (sGC), ou separadamente ou em terapia de combinação.	pooling_corpus1000	bm25_corpus1000	1		0	Tratamento de nefropatia diabetica, fora do dominio		
QF002E	tratamentos_cancer_farmacos	especifica	conjugado anticorpo-farmaco direcionado a HER2 para tratamento de tumor solido	Patentes que reivindicam ADC cujo anticorpo se liga a HER2 (ERBB2), com indicacao em tumor solido	ADCs com outros alvos (LIV1, CLDN18.2, fator tecidual, 191P4D12); anticorpos anti-HER2 sem conjugacao; inibidores de HER2 de pequena molecula	BR112022026205		PRODUTO FARMACÊUTICO, USO DE UM CONJUGADO ANTICORPO ANTI-HER2-FÁRMACO OU UM INIBIDOR DE ATR NA FABRICAÇÃO DE UM MEDICAMENTO, E, MÉTODO DE TRATAMENTO DO CÂNCER	PRODUTO FARMACÊUTICO, USO DE UM CONJUGADO ANTICORPO ANTI-HER2-FÁRMACO OU UM INIBIDOR DE ATR NA FABRICAÇÃO DE UM MEDICAMENTO, E, MÉTODO DE TRATAMENTO DO CÂNCER. É proporcionado um produto farmacêutico para administração de um conjugado anticorpo anti-HER2-fármaco em combinação com um inibidor de ATR. O conjugado anticorpo anti-HER2-fármaco é um conjugado anticorpo-fármaco no qual um ligante de fármaco representado pela seguinte fórmula (em que A representa a posição de conexão a um anticorpo) é conjugado a um anticorpo anti-HER2 através de uma ligação de tioéter. É também proporcionado um uso terapêutico e método, em que o conjugado anticorpo-fármaco e o inibidor de ATR são administrados em combinação a um sujeito: Fórmula (I).	pooling_derivadas	bm25_4variantes			3	ADC anti-HER2 combinado a inibidor de ATR, indicacao oncologica		
QF002E	tratamentos_cancer_farmacos	especifica	conjugado anticorpo-farmaco direcionado a HER2 para tratamento de tumor solido	Patentes que reivindicam ADC cujo anticorpo se liga a HER2 (ERBB2), com indicacao em tumor solido	ADCs com outros alvos (LIV1, CLDN18.2, fator tecidual, 191P4D12); anticorpos anti-HER2 sem conjugacao; inibidores de HER2 de pequena molecula	BR112020010856		USO DE CONJUGADO DE ANTICORPO ANTI-HER2-FÁRMACO NO TRATAMENTO DE CARCINOMA UROTELIAL	USO DE CONJUGADO DE ANTICORPO ANTI-HER2-FÁRMACO NO TRATAMENTO DE CARCINOMA UROTELIAL.A presente invenção se refere ao uso de um conjugado de fármaco e anticorpo anti-HER2 (ADC) na preparação de um fármaco para tratar carcinoma urotelial. O fármaco é seguro e eficaz para pacientes com carcinoma urotelial, especialmente carcinoma urotelial metastático ou localmente avançado, e pode prolongar de modo eficaz o tempo de sobrevida dos pacientes.	pooling_derivadas	bm25_4variantes			3	ADC anti-HER2 aplicado a carcinoma urotelial, tumor solido		
QF002E	tratamentos_cancer_farmacos	especifica	conjugado anticorpo-farmaco direcionado a HER2 para tratamento de tumor solido	Patentes que reivindicam ADC cujo anticorpo se liga a HER2 (ERBB2), com indicacao em tumor solido	ADCs com outros alvos (LIV1, CLDN18.2, fator tecidual, 191P4D12); anticorpos anti-HER2 sem conjugacao; inibidores de HER2 de pequena molecula	BR112016017893		CONJUGADO DE ANTICORPO-FÁRMACO, MEDICAMENTO ANTITUMORAL E/OU ANTICANCERÍGENO, E COMPOSIÇÃO FARMACÊUTICA	CONJUGADO DE ANTICORPO-FÁRMACO ANTI-HER3.Proporcionar um fármaco antitumor tendo excelente efeito terapêutico, o qual é excelente em termos de efeito antitumor e segurança. É fornecido um conjugado de anticorpo-fármaco no qual um composto antitumor representado pela fórmula a seguir é conjugado a um anticorpo anti-HER3 através de um ligante tendo uma estrutura representada pela fórmula: -L(1)-L(2)-L(P)-NH-(CH(2))n(1)-L(a)-(CH(2))n(2)-C(=O)- ou -L(1)-L(2)-L(P)- (o anticorpo anti-HER3 é conectado ao término de L(1), o composto antitumor é conectado ao grupo carbonila da porção -(CH(2))n(2)-C(=O)- ou ao C-término de L(P), com o átomo de nitrogênio do grupo amino na posição 1 como uma posição de conexão).	pooling_derivadas	bm25_4variantes			1	Negativo dificil: ADC anti-HER3, alvo da mesma familia mas nao HER2		
QF002E	tratamentos_cancer_farmacos	especifica	conjugado anticorpo-farmaco direcionado a HER2 para tratamento de tumor solido	Patentes que reivindicam ADC cujo anticorpo se liga a HER2 (ERBB2), com indicacao em tumor solido	ADCs com outros alvos (LIV1, CLDN18.2, fator tecidual, 191P4D12); anticorpos anti-HER2 sem conjugacao; inibidores de HER2 de pequena molecula	BR112023020093		CONJUGADO ANTICORPO-FÁRMACO, INCLUINDO ANTICORPO CONTRA CLDN18.2 HUMANO, E USO DO MESMO	CONJUGADO ANTICORPO-FÁRMACO, INCLUINDO ANTICORPO CONTRA CLDN18.2 HUMANO, E USO DO MESMO. A presente descrição se refere a um novo conjugado anticorpo-fármaco (ADC) direcionado à isoforma 2 da claudina 18 (CLDN18.2), um metabólito ativo do ADC, um método de produção do ADC, uso do ADC para o tratamento e/ou prevenção de doenças, e uso do ADC para produzir um medicamento para o tratamento e/ou prevenção de doenças, mais especificamente doenças hiperproliferativas e/ou angiogênicas, por exemplo, câncer, e mais particularmente, a um conjugado anticorpo-fármaco incluindo um novo anticorpo ou fragmento de ligação ao antígeno do mesmo que se liga a CLDN18.2, e uma composição farmacêutica incluindo o mesmo.	pooling_derivadas	bm25_4variantes			1	Negativo dificil: ADC com alvo CLDN18.2		
QF002E	tratamentos_cancer_farmacos	especifica	conjugado anticorpo-farmaco direcionado a HER2 para tratamento de tumor solido	Patentes que reivindicam ADC cujo anticorpo se liga a HER2 (ERBB2), com indicacao em tumor solido	ADCs com outros alvos (LIV1, CLDN18.2, fator tecidual, 191P4D12); anticorpos anti-HER2 sem conjugacao; inibidores de HER2 de pequena molecula	BR112022025105		MÉTODO PARA O TRATAMENTO DE CÂNCER CERVICAL EM UM INDIVÍDUO, CONJUGADO ANTICORPO-FÁRMACO, E, USO DE UM CONJUGADO ANTICORPO-FÁRMACO	MÉTODO PARA O TRATAMENTO DE CÂNCER CERVICAL EM UM INDIVÍDUO, CONJUGADO ANTICORPO-FÁRMACO, E, USO DE UM CONJUGADO ANTICORPO-FÁRMACO. A invenção provê métodos e composições para o tratamento de câncer, como o câncer cervical avançado, em um indivíduo, tal composto pela administração de conjugados anticorpo-fármaco que se ligam ao fator tecidual (TF). A invenção também provê artigos manufaturados e composições que compreendem os ditos conjugados anticorpo-fármaco que se ligam ao TF para uso no tratamento de câncer (por exemplo, câncer cervical avançado).	pooling_derivadas	bm25_4variantes			1	Negativo dificil: ADC com alvo fator tecidual		
QF002E	tratamentos_cancer_farmacos	especifica	conjugado anticorpo-farmaco direcionado a HER2 para tratamento de tumor solido	Patentes que reivindicam ADC cujo anticorpo se liga a HER2 (ERBB2), com indicacao em tumor solido	ADCs com outros alvos (LIV1, CLDN18.2, fator tecidual, 191P4D12); anticorpos anti-HER2 sem conjugacao; inibidores de HER2 de pequena molecula	BR112023008845		COMPOSIÇÃO FARMACÊUTICA, E, MÉTODO DE TRATAMENTO	COMPOSIÇÃO FARMACÊUTICA, E, MÉTODO DE TRATAMENTO.Uma composição farmacêutica e um método de tratamento que são excelentes em termos de efeito antitumoral e segurança são providos. Uma composição farmacêutica e um método de tratamento, distinguidos por um conjugado anticorpo-fármaco, no qual um ligante-fármaco mostrado pela fórmula (na fórmula, A representa o sítio de ligação com o anticorpo) e um anticorpo estão ligados por uma ligação tioéter, é administrado em combinação com um inibidor de interação SIRP-CD47, tal como um anticorpo anti-SIRP etc. Também, uma composição farmacêutica e um método de tratamento, distinguidos pelo conjugado anticorpo-fármaco e um inibidor de interação SIRP-CD47, tal como um anticorpo anti-SIRP, etc. são administrados em combinação e usados para tratar uma doença que é melhorada pela ação de ativação de imunidade antitumoral.	pooling_derivadas	bm25_4variantes			1	ADC com ligante definido, mas alvo do anticorpo nao especificado		
QF002E	tratamentos_cancer_farmacos	especifica	conjugado anticorpo-farmaco direcionado a HER2 para tratamento de tumor solido	Patentes que reivindicam ADC cujo anticorpo se liga a HER2 (ERBB2), com indicacao em tumor solido	ADCs com outros alvos (LIV1, CLDN18.2, fator tecidual, 191P4D12); anticorpos anti-HER2 sem conjugacao; inibidores de HER2 de pequena molecula	BR112022001045		USO DE UM ANTICORPO OU UM FRAGMENTO DE LIGAÇÃO AO ANTÍGENO DO MESMO QUE SE LIGA ESPECIFICAMENTE AO LIV1 HUMANO, USO DE UM CONJUGADO ANTICORPO LIV1-FÁRMACO, E, KIT	MÉTODO PARA TRATAR UM INDIVÍDUO COM OU EM RISCO DE DESENVOLVER UM CÂNCER ASSOCIADO A LIV1, E, KIT. São providos métodos para utilizar anticorpos anti-LIV1 e conjugados anticorpo-fármaco, incluindo conjugados anticorpo anti-LIV1-fármaco, para inibir a proliferação de uma célula, tal como uma célula que expressa LIV1, bem como para o tratamento de cânceres, como, por exemplo, tumores sólidos e câncer de mama (por exemplo, câncer de mama localmente avançado ou metastático) associados a LIV1.	pooling_derivadas	bm25_4variantes			1	Negativo dificil: ADC com alvo LIV1		
QF002E	tratamentos_cancer_farmacos	especifica	conjugado anticorpo-farmaco direcionado a HER2 para tratamento de tumor solido	Patentes que reivindicam ADC cujo anticorpo se liga a HER2 (ERBB2), com indicacao em tumor solido	ADCs com outros alvos (LIV1, CLDN18.2, fator tecidual, 191P4D12); anticorpos anti-HER2 sem conjugacao; inibidores de HER2 de pequena molecula	BR112022014398		CONJUGADO DE FÁRMACO DE DERIVADO DE ERIBULINA, MÉTODO DE PREPARAÇÃO PARA O MESMO E APLICAÇÃO DO MESMO EM MEDICINA	CONJUGADO DE FÁRMACO DE DERIVADO DE ERIBULINA, MÉTODO DE PREPARAÇÃO PARA O MESMO E APLICAÇÃO DO MESMO EM MEDICINA. A presente revelação se refere a um conjugado de fármaco de um derivado de Eribulina, um método de preparação para o mesmo e uma aplicação do mesmo em medicina. Especificamente, é fornecido um conjugado anticorpo fármaco, que contém uma porção de fármaco de derivado de Eribulina. A presente revelação se refere ainda a um método para tratar câncer administrando-se o conjugado anticorpo fármaco fornecido no presente documento.	pooling_derivadas	bm25_4variantes			1	Conjugado com carga de eribulina, alvo nao especificado		
QF002E	tratamentos_cancer_farmacos	especifica	conjugado anticorpo-farmaco direcionado a HER2 para tratamento de tumor solido	Patentes que reivindicam ADC cujo anticorpo se liga a HER2 (ERBB2), com indicacao em tumor solido	ADCs com outros alvos (LIV1, CLDN18.2, fator tecidual, 191P4D12); anticorpos anti-HER2 sem conjugacao; inibidores de HER2 de pequena molecula	BR112022024930		FÁRMACO DE CAMPTOTECINA POSSUINDO UNIDADE DE CONEXÃO HIDROFÍLICA DE ALTA ESTABILIDADE E CONJUGADO DO MESMO	FÁRMACO DE CAMPTOTECINA POSSUINDO UNIDADE DE CONEXÃO HIDROFÍLICA DE ALTA ESTABILIDADE E CONJUGADO DO MESMO. A presente invenção refere-se a fármaco camptotecina com uma unidade de conexão hidrofílica altamente estável e conjugado do mesmo, ou sal farmaceuticamente aceitável do mesmo, incluindo métodos para sua preparação e suas aplicações na prevenção e/ou tratamento do câncer. O conjugado pode se ligar especificamente a receptores altamente expressos em células tumorais. Os conjugados possuem excelente solubilidade, estabilidade e homogeneidade em água, e podem ser usados para prevenir e/ou tratar tumores e/ou outras doenças.	pooling_derivadas	bm25_4variantes			1	Conjugado de camptotecina, alvo nao declarado como HER2		
QF002E	tratamentos_cancer_farmacos	especifica	conjugado anticorpo-farmaco direcionado a HER2 para tratamento de tumor solido	Patentes que reivindicam ADC cujo anticorpo se liga a HER2 (ERBB2), com indicacao em tumor solido	ADCs com outros alvos (LIV1, CLDN18.2, fator tecidual, 191P4D12); anticorpos anti-HER2 sem conjugacao; inibidores de HER2 de pequena molecula	BR112022002391		TRATAMENTO DE CÂNCER COM CONJUGADOS ANTICORPO-FÁRMACO (ADC) QUE SE LIGAM ÀS PROTEÍNAS 191P4D12	TRATAMENTO DE CÂNCER COM CONJUGADOS ANTICORPO-FÁRMACO (ADC) QUE SE LIGAM ÀS PROTEÍNAS 191P4D12. A presente invenção refere-se a métodos para o tratamento de cânceres com conjugados anticorpo-fármaco (ADC) que se ligam às proteínas 191P4D12.	pooling_derivadas	bm25_4variantes			1	Negativo dificil: ADC com alvo 191P4D12		
QF002E	tratamentos_cancer_farmacos	especifica	conjugado anticorpo-farmaco direcionado a HER2 para tratamento de tumor solido	Patentes que reivindicam ADC cujo anticorpo se liga a HER2 (ERBB2), com indicacao em tumor solido	ADCs com outros alvos (LIV1, CLDN18.2, fator tecidual, 191P4D12); anticorpos anti-HER2 sem conjugacao; inibidores de HER2 de pequena molecula	BR112022009672		TRATAMENTO DE CÂNCERES COM CONJUGADOS ANTICORPO-FÁRMACO (ADC) QUE SE LIGAM A PROTEÍNAS 191P4D12	TRATAMENTO DE CÂNCERES COM CONJUGADOS ANTICORPO-FÁRMACO (ADC) QUE SE LIGAM A PROTEÍNAS 191P4D12. A presente invenção refere-se a métodos para o tratamento de cânceres com conjugados anticorpo-fármaco (ADC) que ligam a proteínas 191P4D12.	pooling_derivadas	bm25_4variantes			1	Negativo dificil: ADC com alvo 191P4D12		
QF002E	tratamentos_cancer_farmacos	especifica	conjugado anticorpo-farmaco direcionado a HER2 para tratamento de tumor solido	Patentes que reivindicam ADC cujo anticorpo se liga a HER2 (ERBB2), com indicacao em tumor solido	ADCs com outros alvos (LIV1, CLDN18.2, fator tecidual, 191P4D12); anticorpos anti-HER2 sem conjugacao; inibidores de HER2 de pequena molecula	BR112022021765		CONJUGADO DE PROTEÍNA, COMPOSIÇÃO FARMACÊUTICA, MÉTODO PARA PREVENÇÃO OU TRATAMENTO DE ESTEATO-HEPATITE NÃO ALCOÓLICA, FÍGADO GORDUROSO, FIBROSE HEPÁTICA, CIRROSE, CÂNCER DE FÍGADO, OBESIDADE OU DIABETES, MÉTODO PARA PREPARAÇÃO DE UM CONJUGADO DE PROTEÍNA	CONJUGADO DE PROTEÍNA, COMPOSIÇÃO FARMACÊUTICA, MÉTODO PARA PREVENÇÃO OU TRATAMENTO DE ESTEATO-HEPATITE NÃO ALCOÓLICA, FÍGADO GORDUROSO, FIBROSE HEPÁTICA, CIRROSE, CÂNCER DE FÍGADO,OBESIDADE OU DIABETES, MÉTODO PARA PREPARAÇÃO DE UM CONJUGADO DE PROTEÍNA.A presente invenção refere-se a um conjugado de proteína que compreende poliubiquitina, um carreador ligado à poliubiquitina e duas ou mais biomoléculas ligadas à poliubiquitina ou ao carreador. Além disso, a presente invenção refere-se a uma composição farmacêutica para prevenção ou tratamento de esteato-hepatite não alcoólica (EHNA), fígado gorduroso, fibrose hepática, cirrose, câncer de fígado, obesidade e diabetes, compreendendo o conjugado de proteína que compreende pelo menos duas ou mais biomoléculas.	pooling_derivadas	bm25_4variantes			0	Conjugado de proteina para indicacao hepatica e metabolica		
QF002E	tratamentos_cancer_farmacos	especifica	conjugado anticorpo-farmaco direcionado a HER2 para tratamento de tumor solido	Patentes que reivindicam ADC cujo anticorpo se liga a HER2 (ERBB2), com indicacao em tumor solido	ADCs com outros alvos (LIV1, CLDN18.2, fator tecidual, 191P4D12); anticorpos anti-HER2 sem conjugacao; inibidores de HER2 de pequena molecula	BR112022010069		ANTICORPO BIESPECÍFICO, MOLÉCULA DE ÁCIDO NUCLEICO ISOLADA, VETOR, CÉLULA HOSPEDEIRA, CONJUGADO, KIT, USO DO ANTICORPO BIESPECÍFICO E COMPOSIÇÃO FARMACÊUTICA	ANTICORPO BIESPECÍFICO, MOLÉCULA DE ÁCIDO NUCLEICO ISOLADA, VETOR, CÉLULA HOSPEDEIRA, CONJUGADO, KIT, USO DO ANTICORPO BIESPECÍFICO E COMPOSIÇÃO. FARMACÊUTICA. São providos um anticorpo biespecífico anti-VEGFA-anti-PD-1 e o uso do mesmo. Especificamente, o anticorpo biespecífico anti-VEGFA-anti-PD-1 compreende: uma primeira região funcional de proteína direcionada a PD-1 e uma segunda região funcional de proteína direcionada a VEGFA. De acordo com um sistema de numeração EU, a mutação ocorre em duas posições das posições 234 e 235 de uma região constante de cadeia pesada da imunoglobulina contida no anticorpo biespecífico, e após a mutação, uma constante de afinidade do anticorpo biespecífico com FcYRI, FcYRIIa, FcYRIIIa, e/ou C1q está diminuído em comparação com aquele antes da mutação. O anticorpo biespecífico pode se ligar especificamente a VEGFA e PD-1, aliviar especificamente a imunossupressão de VEGFA e PD-1 em um organismo e inibir a angiogênese induzida por tumor e, portanto, tem boas perspectivas de aplicação.	pooling_derivadas	bm25_4variantes			0	Anticorpo biespecifico anti-VEGFA/PD-1, sem conjugacao a farmaco		
QG001	comunicacao_5g	curta	alocação de recursos em rede 5G	Patentes sobre escalonamento, recursos uplink/downlink, grants, numerologia ou alocação dinâmica em sistemas 5G/LTE	Alocação computacional genérica sem rádio	BR112023001445	112023001445	INTERAÇÃO DE PARTE DE LARGURA DE BANDA (BWP) DE DIFUSÃO SELETIVA COM MÚLTIPLAS BWP	INTERAÇÃO DE PARTE DE LARGURA DE BANDA (BWP) DE DIFUSÃO SELETIVA COM MÚLTIPLAS BWP. Modalidades incluem sistemas, métodos, e dispositivos para alocação de recurso de rádio para suportar serviços de difusão seletiva em uma rede, tal como um Novo rádio (NR) de Quinta Geração (5G) (5G NR), etc. Em algumas modalidades, os métodos podem ser desempenhados por um processador da estação base. Em algumas modalidades, os métodos podem ser desempenhados por um processador de um dispositivo sem fio. Várias modalidades podem incluir configurar dois ou mais recursos de frequência de enlace descendente (DL) para comunicação por difusão seletiva dentro de uma largura de banda de portadora. Várias modalidades podem incluir selecionar um recurso de frequência de DL para comunicação por difusão seletiva dos dois ou mais recursos de frequência de DL para comunicação por difusão seletiva para monitorar transmissão de dados de difusão seletiva a partir de uma estação base com base pelo menos em parte em uma parte de largura de banda (BWP) de DL ativa de um dispositivo sem fio.	pooling	bm25_hier|bm25_ipc|bm25_tr	3	1	3	Alocacao de recurso de radio em 5G NR com multiplas BWP de downlink		
QG001	comunicacao_5g	curta	alocação de recursos em rede 5G	Patentes sobre escalonamento, recursos uplink/downlink, grants, numerologia ou alocação dinâmica em sistemas 5G/LTE	Alocação computacional genérica sem rádio	BR112022007976	112022007976	TÉCNICAS PARA LIBERAÇÃO DE VALIDAÇÃO DE CONCESSÃO CONFIGURADA DE ENLACE ASCENDENTE E PROGRAMAÇÃO SEMI-PERSISTENTE	TÉCNICAS PARA LIBERAÇÃO DE VALIDAÇÃO DE CONCESSÃO CONFIGURADA DE ENLACE ASCENDENTE E PROGRAMAÇÃO SEMIPERSISTENTE. São descritos métodos, sistemas e dispositivos para comunicações sem fio que suportam técnicas para validação de liberação de concessões configuradas de enlace ascendente e programação semi-persistente (SPS). Por exemplo, SPS de enlace descendente e concessões configuradas de enlace ascendente podem ser liberadas usando informações de controle de enlace descendente sem fallback (DCI). Nesses casos, um campo de alocação de recursos dentro da DCI pode ser baseado em um tipo de alocação de recursos configurado para o UE, o que pode permitir que uma atribuição inválida seja indicada ao UE para liberação das comunicações configuradas semi-estaticamente. Em outros casos, os campos dentro da DCI podem incluir valores predefinidos que são usados para indicar a liberação. Um UE pode validar se a DCI ativa ou libera a SPS de enlace descendente ou a concessão configurada de enlace ascendente com base no valor dos campos de bits dentro da DCI.	pooling	bm25_hier|bm25_ipc|bm25_tr	3	2	3	Concessao configurada de uplink e SPS com campo de alocacao de recursos na DCI		
QG001	comunicacao_5g	curta	alocação de recursos em rede 5G	Patentes sobre escalonamento, recursos uplink/downlink, grants, numerologia ou alocação dinâmica em sistemas 5G/LTE	Alocação computacional genérica sem rádio	BR112019001900	112019001900	MÉTODO E APARELHO PARA COMUNICAÇÃO SEM FIO POR UMA ESTAÇÃO BASE, MÉTODO E DISPOSITIVO SEM FIO PARA COMUNICAÇÃO SEM FIO POR UM PRIMEIRO NÓ SEM FIO, E MEMÓRIA LEGÍVEL POR COMPUTADOR	Determinados aspectos da presente revelação fornecem técnicas para a coexistência de serviços confiáveis de baixa latência e outros em uma rede sem fio. De acordo com certos aspectos, é fornecido um método de comunicação sem fio por uma estação base. O método geralmente inclui reservar uma primeira região de um conjunto de recursos para um primeiro usuário, pelo menos, para uma primeira transmissão uplink relacionada a um primeiro tipo de serviço, receber a primeira transmissão uplink na primeira região reservada, e atribuir dinamicamente recursos em uma segunda região do conjunto de recursos para, pelo menos, uma segunda transmissão uplink relacionada com o primeiro tipo de serviço.	pooling	bm25_hier|bm25_ipc|bm25_tr	3	4	3	Estacao base reserva e atribui dinamicamente recursos de uplink		
QG001	comunicacao_5g	curta	alocação de recursos em rede 5G	Patentes sobre escalonamento, recursos uplink/downlink, grants, numerologia ou alocação dinâmica em sistemas 5G/LTE	Alocação computacional genérica sem rádio	BR112022018116	112022018116	MÉTODOS E APARELHOS PARA POSICIONAMENTO COOPERATÓRIO ASSISTIDO POR ENLACE LATERAL	MÉTODOS E APARELHOS PARA POSICIONAMENTO COOPERATÓRIO ASSISTIDO POR ENLACE LATERAL. São divulgadas técnicas para comunicação sem fio. Em um aspecto, um primeiro equipamento de usuário (UE) transmite uma solicitação para realizar um procedimento de posicionamento para pelo menos um segundo UE por meio de um enlace lateral entre o primeiro UE e o pelo menos um segundo UE, recebe a partir do pelo menos um segundo UE por meio do enlace lateral, uma indicação de um conjunto de recursos de tempo, recursos de frequência, ou ambos alocados para o procedimento de posicionamento, e transmite pelo menos um sinal de referência de posicionamento no conjunto de recursos de tempo e/ou frequência alocados para o procedimento de posicionamento. O segundo UE recebe a solicitação para realizar um procedimento de posicionamento do primeiro UE por meio do enlace lateral; transmite a solicitação para realizar o procedimento de posicionamento para uma primeira entidade de rede; recebe, a partir de uma segunda entidade de rede, uma indicação de um conjunto de recursos de tempo, recursos de frequência, ou ambos alocados para o procedimento de posicionamento; e transmite a indicação para o primeiro UE por meio do enlace lateral.	pooling	bm25_hier|bm25_ipc|bm25_tr	3	1	2	Alocacao de recursos de tempo e frequencia, mas para posicionamento sidelink		
QG001	comunicacao_5g	curta	alocação de recursos em rede 5G	Patentes sobre escalonamento, recursos uplink/downlink, grants, numerologia ou alocação dinâmica em sistemas 5G/LTE	Alocação computacional genérica sem rádio	BR112022012013	112022012013	ASSISTÊNCIA E PAGINAÇÃO DE SELEÇÃO DE RECURSOS DE LINK LATERAL	ASSISTÊNCIA E PAGINAÇÃO DE SELEÇÃO DE RECURSOS DE LINK LATERAL. Vários aspectos da presente divulgação geralmente se referem à comunicação sem fio. Em alguns aspectos, um equipamento de usuário (UE) pode obter uma ou mais medições associadas a um conjunto de recursos de link lateral que inclui um ou mais recursos de tempo e frequência alocados para transmissões de link lateral para ou do UE. O UE pode transmitir, para um UE assistido, sinalização de link lateral que inclui sinalização para despertar o UE assistido e informações de assistência de recursos que indicam uma ou mais medições associadas ao conjunto de recursos de link lateral. Vários outros aspectos são fornecidos.	pooling	bm25_hier|bm25_ipc	2	2	2	Selecao de recursos de sidelink com medicoes, alocacao tempo-frequencia		
QG001	comunicacao_5g	curta	alocação de recursos em rede 5G	Patentes sobre escalonamento, recursos uplink/downlink, grants, numerologia ou alocação dinâmica em sistemas 5G/LTE	Alocação computacional genérica sem rádio	BR112023015733	112023015733	Métodos e aparelhos de acesso aleatório aplicados a um equipamento de usuário e a uma estação base, e, dispositivo de acesso aleatório	métodos e aparelhos de acesso aleatório aplicados a um equipamento de usuário e a uma estação base, e, dispositivo de acesso aleatório. a presente descrição provê um método e dispositivo de acesso aleatório e um meio de armazenamento. o método de acesso aleatório compreende: receber uma informação de configuração de recursos, a informação de configuração de recursos sendo usada para configurar recursos em um pool de recursos de acesso aleatório especificado correspondente a pelo menos uma fatia de rede; determinar um primeiro recurso de acesso aleatório com base na informação de fatia de uma fatia de rede alvo e na informação de configuração de recursos, a fatia de rede alvo sendo uma fatia de rede para iniciar o acesso aleatório pelo equipamento de usuário (ue); e iniciar o acesso aleatório com base no primeiro recurso de acesso aleatório. de acordo com a presente descrição, a possibilidade de uma colisão entre um ue usando um certo serviço de fatia e outros ues durante o acesso aleatório é reduzida, e a taxa de sucesso de acesso aleatório de um ue é melhorada, de tal modo que o ue possa concluir rapidamente um acesso aleatório para obter um serviço de fatia desejado.	pooling	bm25_ipc|bm25_tr	2	3	2	Configuracao de pool de recursos de acesso aleatorio por fatia de rede		
QG001	comunicacao_5g	curta	alocação de recursos em rede 5G	Patentes sobre escalonamento, recursos uplink/downlink, grants, numerologia ou alocação dinâmica em sistemas 5G/LTE	Alocação computacional genérica sem rádio	BR112022021190	112022021190	COMBINAÇÃO DE INFORMAÇÕES DE COORDENAÇÃO	COMBINAÇÃO DE INFORMAÇÕES DE COORDENAÇÃO. A presente invenção refere-se a técnicas para determinar recursos para comunicações de sidelink com base em informações de coordenação. Um método que pode ser realizado por um primeiro dispositivo sem fio inclui receber, de segundos dispositivos sem fio, relatórios indicando informações de coordenação associadas a recursos candidatos e atribuindo classificações aos relatórios. O método também inclui determinar recursos a partir dos recursos candidatos para comunicação com terceiros dispositivos sem fio com base em pelo menos um de: pelo menos dois relatórios, e as classificações dos pelo menos dois relatórios; ou pelo menos um dos relatórios e informações de detecção, medidos pelo primeiro dispositivo sem fio, associados aos recursos candidatos, e a classificação dos relatórios e uma classificação das informações de detecção. O método adicionalmente inclui comunicação com os terceiros dispositivos sem fio por meio dos recursos determinados.	pooling	bm25_ipc	1	9	2	Determinacao de recursos de sidelink a partir de informacoes de coordenacao		
QG001	comunicacao_5g	curta	alocação de recursos em rede 5G	Patentes sobre escalonamento, recursos uplink/downlink, grants, numerologia ou alocação dinâmica em sistemas 5G/LTE	Alocação computacional genérica sem rádio	BR112012020489	112012020489	APARELHO DE ESTAÇÃO BASE, MÉTODO DE TRANSMISSÃO, APARELHO TERMINAL, MÉTODO DE COMUNICAÇÃO, E CIRCUITO INTEGRADO	DISPOSITIVO DE TRANSMISSÃO E MÉTODO DE TRANSMISSÃO. A presente invenção refere-se a um dispositivo de transmissão e um método de transmissão com os quais se faz possível prevenir retardos na transmissão de dados e minimizar o aumento do número de bits necessário para a notificação de uma portadora CC a ser usada, nos casos em que uma portadora CC a ser usada é adicionada durante uma comunicação que emprega uma agregação de portadoras. Quando uma portadora de componente deve ser adicionada a um conjunto de portadoras de componente, uma seção de configuração (101) provida em uma estação base (100) modifica uma tabela de campos CIF que define a correspondência entre pontos de código, que são usados como rótulos para as respectivas portadoras de componente contidas no conjunto de portadoras de componente, e as informações de identificação das respectivas portadoras de componente, e as informações de identificação das respectivas portadoras de componente; e atribui um ponto de código vago à portadora de componente a ser adicionada, ao mesmo tempo mantendo a correspondência entre os pontos de código e as informações de identificação de portadora de componente definidas na tabela de campos CIF antes da modificação.	pooling	bm25_hier	1	12	2	Estacao base configura portadoras componentes em agregacao, alocacao em LTE		
QG001	comunicacao_5g	curta	alocação de recursos em rede 5G	Patentes sobre escalonamento, recursos uplink/downlink, grants, numerologia ou alocação dinâmica em sistemas 5G/LTE	Alocação computacional genérica sem rádio	BR112022008710	112022008710	MÉTODO PARA RELATAR INFORMAÇÕES DE ENLACE LATERAL, DISPOSITIVO TERMINAL, E DISPOSITIVO DE REDE	MÉTODO PARA RELATAR INFORMAÇÕES DE ENLACE LATERAL, DISPOSITIVO TERMINAL, E DISPOSITIVO DE REDE. A presente invenção fornece um método para relatar informações e aparelho e um terminal e uma mídia de armazenamento legível. O método compreende: uma extremidade de envio obtém um período de recursos de transmissão configurado e autorizado por uma rede; transmitir um bloco de transmissão para uma extremidade de recepção com base nos recursos de transmissão, sendo que os recursos de transmissão são usados para transmitir um mesmo bloco de transmissão ou uma pluralidade de diferentes blocos de transmissão; relatar uma quantidade predefinida de informações de informações de relatório para a rede de acordo com uma situação de transmissão e/ou uma situação de retroalimentação da extremidade de recepção. De acordo com a presente invenção, a extremidade de envio pode transmitir dados de enlace lateral para a extremidade de recepção com base nos recursos de transmissão obtidos e o mesmo bloco de transmissão ou uma pluralidade de diferentes blocos de transmissão pode ser transmitida em cada período, que enriquece o modo de transmissão; nesse período, a extremidade de envio também pode relatar uma quantidade fixa de informações de informações de acordo com a situação de transmissão real e/ou a situação de retroalimentação da extremidade de recepção, que melhora as informações que relatam os processos sob recursos de transmissão, o que facilita a integridade e estabilidade de melhoramento de transmissão de enlace lateral.	pooling_corpus1000	bm25_corpus1000	1		2	Periodo de recursos de transmissao configurado e autorizado pela rede em sidelink		
QG001	comunicacao_5g	curta	alocação de recursos em rede 5G	Patentes sobre escalonamento, recursos uplink/downlink, grants, numerologia ou alocação dinâmica em sistemas 5G/LTE	Alocação computacional genérica sem rádio	BR112014017509	112014017509	REDUÇÃO DE POTÊNCIA MÁXIMA PARA CONTROLE DE INTERFERÊNCIA EM CANAIS ADJACENTES	REDUÇÃO DE POTÊNCIA MÁXIMA PARA CONTROLE DE INTERFERÊNCIA EM CANAIS ADJACENTES. São reveladas técnicas para determinar valores de relaxamento de potência. Os valores de relaxamento de potência podem ser determinados de acordo com uma terminação; bloco de recursos (RB) e um número de RBs em uma alocação contígua. Em um aspecto, os valores de relaxamento de potência são arranjados em regiões com base, ao menos em parte, nas larguras de banda de canal de transmissão e na distância a partir de um canal adjacente protegido. Um equipamento de usuário (UE) pode determinar um valor de relaxamento de potência para a sua alocação atual utilizando o índice de RB de terminação e extensão de RB contíguo e pode ajustar em conformidade a potência de transmissão. NodeBs evoluídos podem estimar o relaxamento de potência que um UE específico selecionou para determinar com maior exatidão a potência de transmissão disponível para o UE. Utilizando a estimativa mais exata de potência de transmissão, o eNB pode programar em conformidade o UE para transmissões de uplink.	pooling_corpus1000	bm25_corpus1000	1		2	Relaxamento de potencia por bloco de recursos e alocacao contigua de RBs		
QG001	comunicacao_5g	curta	alocação de recursos em rede 5G	Patentes sobre escalonamento, recursos uplink/downlink, grants, numerologia ou alocação dinâmica em sistemas 5G/LTE	Alocação computacional genérica sem rádio	BR112022010067	112022010067	ASSOCIAÇÃO DE SINAL DE REFERÊNCIA DE SONDAGEM COM VÁRIOS RECURSOS DE CANAL DE ACESSO ALEATÓRIO DE DOMÍNIO DE FREQUÊNCIA ESCALONADO	ASSOCIAÇÃO DE SINAL DE REFERÊNCIA DE SONDAGEM COM VÁRIOS RECURSOS DE CANAL DE ACESSO ALEATÓRIO DE DOMÍNIO DE FREQUÊNCIA ESCALONADO. São reveladas técnicas para comunicação não cabeada. Em um aspecto, um equipamento do usuário (UE) recebe, durante um primeiro estado, uma configuração de um recurso de sinal de referência de sondagem (SRS) ou conjunto de recursos SRS, obtém uma associação entre o recurso SRS ou o conjunto de recursos SRS e um grupo de recursos de canal de acesso aleatório (RACH) e transmite, enquanto fora do primeiro estado, um grupo de sinais RACH utilizando propriedades de transmissão baseadas na associação entre o recurso SRS ou o conjunto de recursos SRS e o grupo de recursos RACH, em que o grupo de recursos RACH abrange vários recursos de frequência adjacentes através de um único recurso de tempo, ou os recursos de grupo ou RACH abrangem vários recursos de frequência adjacentes através de vários recursos de tempo.	pooling_corpus1000	bm25_corpus1000	1		2	Associacao de recursos SRS com recursos de RACH escalonados em frequencia		
QG001	comunicacao_5g	curta	alocação de recursos em rede 5G	Patentes sobre escalonamento, recursos uplink/downlink, grants, numerologia ou alocação dinâmica em sistemas 5G/LTE	Alocação computacional genérica sem rádio	BR112017012211	112017012211	Método de comunicação sem fio, equipamento de usuário para comunicação sem fio e memória legível	transmissões conflitantes de priorização em comunicações de lte e lte de latência ultrabaixa. vários aspectos descritos no presente documento se referem a receber de uma primeira comunicação através de um primeiro conjunto de recursos com base em um primeiro intervalo de tempo de transmissão (tti), receber uma segunda comunicação através de um segundo conjunto de recursos com base em um segundo tti, em que o segundo tti é menor que o primeiro tti, e em que o segundo conjunto de recursos sobrepõe o primeiro conjunto de recursos que define um conjunto comum de recursos, e determinar se prioriza a decodificação da primeira comunicação através da segunda comunicação.	pooling_corpus1000	bm25_corpus1000	1		2	Priorizacao entre conjuntos de recursos com TTIs distintos em LTE de baixa latencia		
QG001	comunicacao_5g	curta	alocação de recursos em rede 5G	Patentes sobre escalonamento, recursos uplink/downlink, grants, numerologia ou alocação dinâmica em sistemas 5G/LTE	Alocação computacional genérica sem rádio	BR112022016055	112022016055	MÉTODO DE PROCESSAMENTO DE INFORMAÇÕES E APARELHO DE PROCESSAMENTO DE INFORMAÇÕES	MÉTODO DE PROCESSAMENTO DE INFORMAÇÕES E APARELHO DE PROCESSAMENTO DE INFORMAÇÕES. São revelados um método e um aparelho de processamento de informações, uma mídia de armazenamento, um processador e um dispositivo eletrônico. O dito método compreende: receber informações de configuração a partir de um dispositivo de lado de rede, em que as informações de configuração são usadas para configurar um recurso de transmissão de concessão configurada por enlace lateral, e em que o recurso de transmissão de concessão configurada por enlace lateral é um recurso de transmissão em um agrupamento de recursos; determinar, com base nas informações de configuração, informações de domínio de tempo correspondentes ao recurso de transmissão de concessão configurada por enlace lateral; e de acordo com as informações de domínio de tempo correspondentes ao recurso de transmissão de concessão configurada por enlace lateral, determinar um primeiro número de processo de solicitação de repetição automática híbrida. A presente invenção soluciona o problema técnico, na técnica relacionada, de carecer de um método para determinar o número de processo de HARQ para concessão configurada por enlace lateral.	pooling_corpus1000	bm25_corpus1000	1		2	Informacoes de configuracao para configurar recurso de transmissao		
QG001	comunicacao_5g	curta	alocação de recursos em rede 5G	Patentes sobre escalonamento, recursos uplink/downlink, grants, numerologia ou alocação dinâmica em sistemas 5G/LTE	Alocação computacional genérica sem rádio	BR112017008759	112017008759	SISTEMAS E MÉTODOS DE COMUNICAÇÃO SEM FIO DOTADOS DE UMA CAMADA DE CONTROLE DE ACESSO DE MEIO CÊNTRICO DE EQUIPAMENTO DE USUÁRIO	SISTEMAS E MÉTODOS DE COMUNICAÇÃO SEM FIO DOTADOS DE UMA CAMADA DE CONTROLE DE ACESSO DE MEIO CÊNTRICO DE EQUIPAMENTO DE USUÁRIO. Trata-se de métodos, sistemas e dispositivos para comunicação sem fio. Em um método, um método de comunicação sem fio em um equipamento de usuário (UE) inclui receber um sinal de sincronização. O sinal de sincronização pode ser comum a uma pluralidade de células dentro de uma rede. O método inclui, ainda, adquirir uma temporização da rede com base no sinal de sincronização, e transmitir um sinal piloto em resposta à aquisição da temporização da rede. O sinal piloto pode identificar o UE e ser simultaneamente recebível pela pluralidade de células dentro da rede. Outros aspectos, recursos e modalidades também são reivindicados e descritos.	pooling	bm25_hier|bm25_ipc|bm25_tr	3	2	1	MAC centrico no UE, sincronizacao e piloto, sem alocacao de recursos		
QG001	comunicacao_5g	curta	alocação de recursos em rede 5G	Patentes sobre escalonamento, recursos uplink/downlink, grants, numerologia ou alocação dinâmica em sistemas 5G/LTE	Alocação computacional genérica sem rádio	BR112016027534	112016027534	MÉTODO E DISPOSITIVO MÓVEL PARA SINCRONIZAÇÃO SEM FIO E MEMÓRIA LEGÍVEL POR COMPUTADOR	SINCRONIZAÇÃO DISPOSITIVO A DISPOSITIVO DISTRIBUÍDA A presente invenção refere-se um métodos, sistemas e dispositivos que fornecem sincronização D2D. Os métodos, sistemas e/ou dispositivos podem incluir ferramentas e técnicas que fornecem sincronização para um dispositivo móvel com base na detecção de um alarme de confiabilidade. Um alarme de confiabilidade pode ser usado entre dispositivos móveis, que é transmitido e/ou recebido nos recursos D2D específicos. Uma vez que os recursos são reservados para o alarme de confiabilidade, um dispositivo móvel que foi previamente isolado da sincronização de rede terá capacidade para receber o alarme de confiabilidade de que um sinal de sincronização confiável está próximo quando o mesmo se mover dentro do alcance de um dispositivo confiável. Uma vez que um alarme de confiabilidade é recebido, o dispositivo móvel pode liberar outros recursos para permitir que o mesmo receba sinais de sincronização dos dispositivos confiáveis. O dispositivo móvel pode, então, se sincronizar com a rede com base nos sinais de sincronização recebidos e transmitir seu próprio alarme de confiabilidade para dispositivos isolados subsequentes para uso.	pooling	bm25_hier|bm25_ipc|bm25_tr	3	4	1	Sincronizacao D2D usando recursos reservados, foco em sincronismo		
QG001	comunicacao_5g	curta	alocação de recursos em rede 5G	Patentes sobre escalonamento, recursos uplink/downlink, grants, numerologia ou alocação dinâmica em sistemas 5G/LTE	Alocação computacional genérica sem rádio	BR112023002087	112023002087	PRIMEIRA UNIDADE DE TRANSMISSÃO/RECEPÇÃO SEM FIO, E, MÉTODO	PRIMEIRA UNIDADE DE TRANSMISSÃO/RECEPÇÃO SEM FIO, E, MÉTODO. Sistemas, métodos e instrumentalidades são descritos neste documento para descoberta de sidelink, por exemplo, associados a relés, por exemplo, relés NR. Dados de descoberta podem ser transmitidos, por exemplo, para inicializar a comunicação entre dispositivos. Os dados de descoberta podem ser transmitidos sozinhos ou multiplexados com outros dados (por exemplo, dados de sidelink). Os dados de descoberta com alta prioridade podem ser transmitidos sozinhos. Os dados de descoberta com baixa prioridade podem ser multiplexados com outros dados (por exemplo, outros dados recebidos dentro de um período de tempo). Os dados de descoberta podem ser multiplexados com outros dados que compartilham a mesma identidade de destino. A alocação de recursos pode ser realizada, por exemplo, com base em se os dados de descoberta são transmitidos sozinhos ou multiplexados com outros dados.	pooling	bm25_hier|bm25_ipc|bm25_tr	3	7	1	Descoberta de sidelink por reles, alocacao apenas implicita		
QG001	comunicacao_5g	curta	alocação de recursos em rede 5G	Patentes sobre escalonamento, recursos uplink/downlink, grants, numerologia ou alocação dinâmica em sistemas 5G/LTE	Alocação computacional genérica sem rádio	BR112022023066	112022023066	PROCESSAMENTO DE DADOS USANDO RECURSOS DE COMPUTAÇÃO DE REDE REMOTA	PROCESSAMENTO DE DADOS USANDO RECURSOS DE COMPUTAÇÃO DE REDE REMOTA. As modalidades incluem métodos para gerenciar o processamento de dados e realizar tarefas de computação de um dispositivo sem fio usando recursos de computação de um dispositivo de computação de rede remoto. Um dispositivo sem fio e um dispositivo de computação de rede podem rastrear dinamicamente fatores que afetam uma latência de ida e volta de uma tarefa de computação. O dispositivo sem fio e o dispositivo de computação de rede podem gerar e enviar metadados incluindo os fatores e um orçamento de latência para a tarefa de computação. O dispositivo sem fio e o dispositivo de computação de rede podem ajustar um tempo de processamento para processar dados relacionados à tarefa de computação com base nos metadados recebidos e no orçamento de latência.	pooling	bm25_ipc|bm25_tr	2	4	1	Negativo dificil: alocacao de recursos de computacao remota, sem radio		
QG001	comunicacao_5g	curta	alocação de recursos em rede 5G	Patentes sobre escalonamento, recursos uplink/downlink, grants, numerologia ou alocação dinâmica em sistemas 5G/LTE	Alocação computacional genérica sem rádio	BR112017007271	112017007271	MÉTODO PARA OPERAR UM DISPOSITIVO SEM FIO EM UMA REDE DE COMUNICAÇÃO SEM FIO, DISPOSITIVO SEM FIO, E, MÍDIA PORTADORA	É descrito um método para operar um dispositivo sem fio em uma rede de comunicação sem fio. O método compreende configurar, pelo dispositivo sem fio, uma janela de tempo de relato para transmitir um relato para a rede de comunicação sem fio e determinar, pelo dispositivo sem fio, se transmissão de dados do dispositivo sem fio para a rede de comunicação sem fio é agendada para um tempo de transmissão na janela de tempo de relato, bem como transmitir o relato juntamente com a transmissão de dados agendada se for determinado que tal é agendado para um tempo de transmissão na janela de tempo de relato. Também são descritos correspondentes métodos e dispositivos.	pooling	bm25_hier	1	3	1	Janela de relato e transmissao agendada, sem alocacao de recursos		
QG001	comunicacao_5g	curta	alocação de recursos em rede 5G	Patentes sobre escalonamento, recursos uplink/downlink, grants, numerologia ou alocação dinâmica em sistemas 5G/LTE	Alocação computacional genérica sem rádio	BR112022016394	112022016394	PROCEDIMENTO DE ACESSO ALEATÓRIO DE DUAS ETAPAS NA COMUNICAÇÃO SEM FIO	Os aspectos da presente revelação se referem a um procedimento de canal de acesso aleatório (RACH) que permite que um equipamento de usuário (UE) obtenha sincronização com uma rede e obtenha recursos e serviços de rede. A revelação fornece várias opções para implantar um procedimento de RACH de duas etapas que pode suportar vários comportamentos de UE em relação ao monitoramento de um canal de controle de enlace descendente físico (PDCCH) durante o procedimento de RACH de duas etapas.	pooling	bm25_tr	1	9	1	RACH de duas etapas para obter recursos de rede		
QG001	comunicacao_5g	curta	alocação de recursos em rede 5G	Patentes sobre escalonamento, recursos uplink/downlink, grants, numerologia ou alocação dinâmica em sistemas 5G/LTE	Alocação computacional genérica sem rádio	BR112015006716	112015006716	MÉTODO E APARELHO PARA IMPLEMENTAR UMA REDE DE UNIDADE DE TERMINAL REMOTO E MEIO DE ARMAZENAMENTO LEGÍVEL EM COMPUTADOR TANGÍVEL	MÉTODOS E APARELHOS PARA IMPLEMENTAR UMA REDE DE UNIDADE DE TERMINAL REMOTO. Métodos e aparelhos para implementar uma rede de unidade de terminal remoto são divulgados. Um método de exemplo envolve alocar, via um processador de uma primeira unidade de terminal remoto, uma primeira fenda de tempo de um primeiro quadro de uma primeira programação de transmissão para a primeira unidade de terminal remoto, a primeira unidade de terminal remoto estará em comunicação com uma segunda unidade de terminal remoto numa rede associada com um sistema de controle de processo e estará em comunicação com um hospedeiro do sistema de controle de processo, a primeira unidade de terminal remoto para comunicar primeiros dados através da rede durante a primeira fenda de tempo; e alocar via o processador uma segunda fenda de tempo do primeiro quadro para a segunda unidade de terminal remoto, a segunda unidade de terminal remoto para comunicar segundos dados através da rede durante a segunda fenda de tempo.	pooling	bm25_hier	1	9	1	Alocacao de time slot em rede de terminais remotos industrial, nao celular		
QG001	comunicacao_5g	curta	alocação de recursos em rede 5G	Patentes sobre escalonamento, recursos uplink/downlink, grants, numerologia ou alocação dinâmica em sistemas 5G/LTE	Alocação computacional genérica sem rádio	BR122020017793	122020017793	SISTEMA DE COMUNICAÇÃO MÓVEL, ESTAÇÃO BASE E TERMINAL MÓVEL	É divulgado um sistema de comunicação móvel em que é possível reduzir o consumo de energia em um nó da rede de um alcance de área local. Quando um eNB local detectar um gatilho de transição na etapa (ST1503), o eNB local transiciona de uma operação normal para uma operação com redução do consumo de energia (Operação com Economia de Energia) na etapa (ST1504). Durante a operação com economia de energia, a operação de transmissão de pelo menos uma parte dos sinais de transmissão em enlace descendente, dentre os sinais de transmissão em enlace descendente a serem transmitidos a um terminal móvel (UE) é interrompida, e a operação de recepção de um sinal de transmissão em enlace ascendente enviado a partir do UE é realizada. Além do mais, uma vez que for determinado que o sinal de transmissão em enlace ascendente (RACH) foi recebido durante a operação com economia de energia, na etapa (ST1510), a operação comuta para a operação normal, na etapa (ST1511).	pooling	bm25_ipc	1	10	1	Sem resumo no corpus; IPC de alocacao de recursos, requer revisao humana		
QG001	comunicacao_5g	curta	alocação de recursos em rede 5G	Patentes sobre escalonamento, recursos uplink/downlink, grants, numerologia ou alocação dinâmica em sistemas 5G/LTE	Alocação computacional genérica sem rádio	BR112022011302	112022011302	SIDELINK AUTÔNOMO SOBRE BANDA NÃO LICENCIADA	SIDELINK AUTÔNOMO SOBRE BANDA NÃO LICENCIADA. São fornecidos sistemas de comunicação sem fio e métodos relacionados à comunicação sidelink autônomo em uma banda de radiofrequência (por exemplo, em um espectro compartilhado ou um espectro não licenciado) compartilhada por múltiplas entidades operacionais de rede. Um primeiro equipamento de usuário (UE) executa um Listen-before-talk (LBT) em uma banda de radiofrequência compartilhada com base em um primeiro ponto de partida de uma pluralidade de pontos de início em uma duração de lacuna de LBT. O primeiro UE transmite, para um segundo UE, uma primeira comunicação sidelink na banda de radiofrequência compartilhada com base no LBT, a primeira comunicação sidelink incluindo primeira informação de controle sidelink (SCI) e primeiros dados sidelink.	pooling	bm25_hier	1	10	1	Sidelink autonomo em banda nao licenciada com LBT		
QG001	comunicacao_5g	curta	alocação de recursos em rede 5G	Patentes sobre escalonamento, recursos uplink/downlink, grants, numerologia ou alocação dinâmica em sistemas 5G/LTE	Alocação computacional genérica sem rádio	BR112023005981	112023005981	ALOCAÇÃO DE PODER DE TRANSMISSÃO EM CONFORMIDADE COM OS REQUISITOS DE EXPOSIÇÃO À RF	Vários aspectos da presente divulgação geralmente se referem à comunicação sem fio. Em alguns aspectos, um equipamento de usuário (UE) pode alocar uma primeira quantidade de potência para um ou mais rádios para uma janela de tempo com base em informações de exposição de radiofrequência (RF) e um ou mais outros critérios. O UE pode alocar uma segunda quantidade de potência para um canal selecionado ou comunicação utilizada por pelo menos um rádio de um ou mais rádios por um ou mais quadros de tempo dentro da janela de tempo com base na primeira quantidade de potência alocada para pelo menos um rádio para a janela de tempo. O UE pode transmitir o canal selecionado ou comunicação com base na primeira quantidade de potência ou na segunda quantidade de potência. Numerosos outros aspectos são descritos.	pooling	bm25_tr	1	11	1	Alocacao de potencia de transmissao por exposicao RF, nao de recursos		
QG001	comunicacao_5g	curta	alocação de recursos em rede 5G	Patentes sobre escalonamento, recursos uplink/downlink, grants, numerologia ou alocação dinâmica em sistemas 5G/LTE	Alocação computacional genérica sem rádio	BR112023002330	112023002330	EXTENSÕES DE PAGINAÇÃO	EXTENSÕES DE PAGINAÇÃO. Aparelhos, métodos e sistemas são divulgados para mensagens de paginação estendidas. Um aparelho de Equipamento de Usuário (UE) (900) em uma rede de comunicação móvel inclui um processador (905) e um transceptor (925) que envia (1105) uma mensagem para um nó de rede (1000), com a mensagem indicando que o aparelho de UE (900) suporta extensões de paginação. O transceptor (925) recebe (1110) uma mensagem de confirmação a partir do nó de rede (1000), com a mensagem de confirmação notificando o aparelho de UE (900) para esperar extensões de paginação. O transceptor (925) recebe (1115) Informações de Controle de Enlace Descendente (DCI) de paginação com uma verificação de redundância cíclica (CRC) embaralhada por um Identificador Temporário de Rede de Rádio (P-RNTI) de Paginação, em que a DCI de paginação escalona uma Transmissão de Canal Compartilhado de Enlace Descendente Físico (PDSCH). O transceptor (925) recebe (1120) uma mensagem de paginação na transmissão de PDSCH. O processador (905) identifica (1125) uma extensão de paginação para o UE na DCI de paginação e/ou na mensagem de paginação.	aleatorio		0	999	1	Extensoes de paginacao, sinalizacao movel sem alocacao de recursos		
QG001	comunicacao_5g	curta	alocação de recursos em rede 5G	Patentes sobre escalonamento, recursos uplink/downlink, grants, numerologia ou alocação dinâmica em sistemas 5G/LTE	Alocação computacional genérica sem rádio	BR112019005680	112019005680	APERFEIÇOAMENTO DE TRUNCAGEM DE OPORTUNIDADE DE TRANSMISSÃO	Esta revelação apresenta sistemas, métodos e equipamentos, que inclui programas de computador codificados em um meio de armazenamento de computador, para aperfeiçoar a truncagem de oportunidade de transmissão (TxOP) em comunicação sem fio. Em algumas implementações, uma truncagem do período da oportunidade de transmissão (TxOP) ou se atualizar uma temporização de vetor de alocação de rede (NAV) com base em uma mensagem que inclui informações de transmissor e receptor (tal como um endereço de transmissor (TA) e um endereço de receptor (RA)) pode ser determinada. Por exemplo, uma estação pode receber um quadro de extremidade livre de disputa (Extremidade-CF) e determinar uma truncagem do período da TxOP com base sobre a comparação de um TA e um RA incluídos no quadro de Extremidade-CF com um TA e um RA incluídos na mensagem recebida anteriormente (um RTS, por exemplo). Tais informações podem ser comparadas a outros TAs ou RAs relacionados com valores de temporização do NAV e a temporização do NAV pode ser configurada, restaurada, atualizada ou cancelada com base na comparação.	pooling_corpus1000	bm25_corpus1000	1		1	Truncagem de TxOP e temporizacao de NAV, acesso ao meio e nao alocacao		
QG001	comunicacao_5g	curta	alocação de recursos em rede 5G	Patentes sobre escalonamento, recursos uplink/downlink, grants, numerologia ou alocação dinâmica em sistemas 5G/LTE	Alocação computacional genérica sem rádio	BR112023001056	112023001056	MÉTODOS REALIZADOS POR UM DISPOSITIVO SEM FIO PARA RELATAR INFORMAÇÕES DE ESTADO DE CANAL E POR UMA ESTAÇÃO BASE PARA HABILITAR O RELATO DE INFORMAÇÕES DE ESTADO DE CANAL, DISPOSITIVO SEM FIO, E, ESTAÇÃO BASE	MÉTODOS REALIZADOS POR UM DISPOSITIVO SEM FIO PARA RELATAR INFORMAÇÕES DE ESTADO DE CANAL E POR UMA ESTAÇÃO BASE PARA HABILITAR O RELATO DE INFORMAÇÕES DE ESTADO DE CANAL, DISPOSITIVO SEM FIO, E, ESTAÇÃO BASE. São providos sistemas e métodos para realimentação de Informações de Estado de Canal (CSI) para esquemas de URLLC multi-TRP. Em algumas modalidades, um método realizado por um dispositivo sem fio para relato de CSI inclui: receber uma configuração para uma pluralidade de recursos de CSI-RS de Potência Diferente de Zero (NZP) de uma estação base; realizar medição de canal na pluralidade de recursos de CSI-RS de NZP; selecionar N da pluralidade de recursos de CSI-RS de NZP; realizar computações de CSI e/ou cálculo de parâmetros de CSI incluindo um ou mais dentre: um Indicador de Classificação (RI), N Indicadores de Matriz de Précodificação (PMIs) e um Indicador de Qualidade de Canal (CQI); e relatar os parâmetros de CSI calculados. Os parâmetros incluindo um ou mais dentre: um RI, N PMIs, um CQI juntamente com um ou mais dos seguintes como parte do relato de CSI: um único Indicador de Recurso de CSI-RS (CRI) indicando os N recursos de CSI-RS de NZP selecionados; N CRIs indicando os N recursos de CSI-RS de NZP selecionados; e nenhum CRI.	pooling_corpus1000	bm25_corpus1000	1		1	Realimentacao de CSI para URLLC multi-TRP, insumo para escalonamento		
QG001	comunicacao_5g	curta	alocação de recursos em rede 5G	Patentes sobre escalonamento, recursos uplink/downlink, grants, numerologia ou alocação dinâmica em sistemas 5G/LTE	Alocação computacional genérica sem rádio	BR112023014238	112023014238	Método de comunicação, aparelho e meio de armazenamento legível por computador	métodos de comunicação, aparelhos de comunicação e meio de armazenamento legível por computador. este pedido fornece um método de comunicação e aparelho, e se refere ao campo de tecnologias de comunicação, para assegurar continuidade de serviço de um mbs de um dispositivo terminal em um processo de transferência de célula. o método inclui: um primeiro dispositivo de rede de acesso configura, como um segundo portador de rádio que é usado para portar um serviço de unicast, um primeiro portador de rádio que é atualmente usado para portar um mbs entre o primeiro dispositivo de rede de acesso e um dispositivo terminal. o primeiro dispositivo de rede de acesso envia o mbs para o dispositivo terminal em um modo de unicast através do segundo portador de rádio. desta forma, em um processo no qual o dispositivo terminal é posteriormente transferido a um segundo dispositivo de rede de acesso, o primeiro dispositivo de rede de acesso e o segundo dispositivo de rede de acesso comutam diretamente um mbs, que está sendo transmitido, para o segundo dispositivo de rede de acesso em uma maneira de comutação de serviço de unicast atual. isso resolve uma interrupção do mbs causada porque o segundo dispositivo de rede de acesso não suporta um modo de transmissão de multicast e broadcast.	pooling_corpus1000	bm25_corpus1000	1		1	Continuidade de MBS em transferencia de celula, portador e nao recurso		
QG001	comunicacao_5g	curta	alocação de recursos em rede 5G	Patentes sobre escalonamento, recursos uplink/downlink, grants, numerologia ou alocação dinâmica em sistemas 5G/LTE	Alocação computacional genérica sem rádio	BR112015018520	112015018520	Método em um equipamento de usuário e equipamento de usuário	mobilidade de baixa sobrecarga em rede sem fio de área local trata-se de uma rede heterogênea, em que a entrega aprimorada e procedimentos de reestabelecimento são propostos dentro de uma rede de área local. os procedimentos aprimorados são mais eficientes, por exemplo, com menos sinalização e menos interrupções de dados que o mecanismo de mobilidade de legado. em uma rede de área local, um ue é servido por um enb de âncora em camada de macrocélula e um ou mais enbs de desvio em camada de pequena célula. quando o ue se move dentro da rede de área local, o ue âncora não precisa mudar. para mudança de célula dentro da mesma âncora, os procedimentos aprimorados reduzem a sobrecarga de sinalização e o tempo de interrupção de dados.	pooling_corpus1000	bm25_corpus1000	1		1	Mobilidade e reestabelecimento em rede local sem fio		
QG001	comunicacao_5g	curta	alocação de recursos em rede 5G	Patentes sobre escalonamento, recursos uplink/downlink, grants, numerologia ou alocação dinâmica em sistemas 5G/LTE	Alocação computacional genérica sem rádio	BR112022015632	112022015632	MÉTODO DE RETROALIMENTAÇÃO DE INFORMAÇÕES DE ESTADO DE CANAL, DISPOSITIVO, TERMINAL E LADO DE REDE, E MÍDIA DE ARMAZENAMENTO.	MÉTODO DE RETROALIMENTAÇÃO DE INFORMAÇÕES DE ESTADO DE CANAL, DISPOSITIVO, TERMINAL E LADO DE REDE, E MÍDIA DE ARMAZENAMENTO. São fornecidos, nas modalidades do presente pedido, um método, dispositivo de retroalimentação de informações de estado de canal, terminal e lado de rede e uma mídia de armazenamento. O método compreende: receber um CSI-RS para a formação de feixes que é enviado por um lado de rede por meio de uma porta de antena, ou um CSI-RS para a formação de feixes e informações de indicação de vetor de base de domínio de frequência, em que o feixe usado na formação de feixes é determinado com base em um vetor de base de domínio espacial ou com base no vetor de base de domínio espacial e no vetor de base de domínio de frequência, e o vetor de base de domínio espacial e o vetor de base de domínio de frequência são determinados com base em um canal de enlace ascendente; com base no CSI-RS para a formação de feixes, ou o CSI-RS para a formação de feixes e as informações de indicação de vetor de base de domínio de frequência, determinar informações de indicação de porta e um coeficiente de combinação de porta para a transmissão de dados; e retroalimentar as informações de indicação de porta e coeficiente de combinação de porta em relação ao lado de rede para o lado de rede para determinar a pré-conversão em código de dados de transmissão de enlace descendente. O método, dispositivo, terminal, lado de rede e mídia de armazenamento fornecidos pelas modalidades do presente pedido reduzem a complexidade computacional, reduzem a sobrecarga de retroalimentação e aprimoram o desempenho do sistema.	pooling_corpus1000	bm25_corpus1000	1		1	Retroalimentacao de CSI com formacao de feixes, sem alocacao explicita		
QG001	comunicacao_5g	curta	alocação de recursos em rede 5G	Patentes sobre escalonamento, recursos uplink/downlink, grants, numerologia ou alocação dinâmica em sistemas 5G/LTE	Alocação computacional genérica sem rádio	BR112022008763		MÉTODO PARA ESTABELECER ENLACES DE UNIDIFUSÃO ESTENDIDOS E ENLACES DE UNIDIFUSÃO DE GERENCIAMENTO, UNIDADE DE TRANSMISSÃO/RECEPÇÃO SEM FIO DE RETRANSMISSÃO, E, MÉTODO PARA DESCOBERTA DE SERVIÇO E ESTABELECIMENTO DE ENLACE	MÉTODO IMPLEMENTADO POR UMA UNIDADE DE TRANSMISSÃO/RECEPÇÃO SEM FIO DE RETRANSMISSÃO, E, UNIDADE DE TRANSMISSÃO/RECEPÇÃO SEM FIO DE RETRANSMISSÃO. São fornecidos métodos, aparelhos, sistemas, arquiteturas e interfaces, executados por uma unidade de transmissão/recepção sem fio retransmissora (R-WTRU) incluindo um transmissor, um receptor, uma memória e um processador, a fim de estabelecer enlaces de unidifusão estendidos e enlaces de unidifusão de gerenciamento. O método inclui: executar, por meio da R-WTRU, um procedimento de estabelecimento de enlace para estabelecer vários enlaces de unidifusão estendidos, a fim de retransmitir o tráfego entre uma WTRU de provedor de serviços (SP-WTRU) e várias WTRUs de usuário de serviços (SU-WTRUs), de acordo com um mapeamento gerado pela R-WTRU, sendo que o procedimento de estabelecimento de enlace inclui: (1) gerar um mapeamento de quaisquer dentre os enlaces estendidos e identificadores (IDs) de camada 2 (L2) para quaisquer dentre uma SP-WTRU, uma R-WTRU e várias SU-WTRUs, e (2) transmitir uma ID de retransmissão exclusiva; estabelecer um enlace de unidifusão de gerenciamento para os enlaces de unidifusão estendidos; e aplicar várias solicitações de gerenciamento de enlace recebidas por meio do enlace de unidifusão de gerenciamento a enlaces de unidifusão estendidos associados.	herdado_da_derivada				1	Estabelecimento de enlaces de unidifusao em retransmissao, sem alocacao de recursos		
QG001	comunicacao_5g	curta	alocação de recursos em rede 5G	Patentes sobre escalonamento, recursos uplink/downlink, grants, numerologia ou alocação dinâmica em sistemas 5G/LTE	Alocação computacional genérica sem rádio	BR112023018206		MODIFICAÇÃO DE POTÊNCIAS DE TRANSMISSÃO DE SINAIS DE UPLINK ASSOCIADOS ÀS DIFERENTES TECNOLOGIAS DE ACESSO VIA RÁDIO (RATS)	MODIFICAÇÃO DE POTÊNCIAS DE TRANSMISSÃO DE SINAIS DE UPLINK ASSOCIADOS ÀS DIFERENTES TECNOLOGIAS DE ACESSO VIA RÁDIO (RATs).Esta revelação fornece sistemas, métodos e aparelhos para compartilhar um limite máximo de potência de transmissão entre uma primeira tecnologia de acesso via rádio (RAT) e uma segunda RAT. Em um aspecto, um aparelho de comunicação sem fio pode reduzir o limite máximo de potência de transmissão de um primeiro sinal de uplink associado à primeira RAT para obter uma primeira potência de transmissão. O aparelho de comunicação sem fio pode alocar uma segunda potência de transmissão, remanescente do limite máximo de potência de transmissão para um segundo sinal de uplink associado à segunda RAT. O aparelho de comunicação sem fio pode reduzir o limite máximo de potência de transmissão, quando o aparelho de comunicação sem fio está localizado em um cell edge e uma prioridade mais alta da primeira RAT em relação à segunda RAT pode resultar na segunda potência de transmissão do segundo sinal de uplink não satisfazendo um limite.	herdado_da_derivada				1	Alocacao de potencia de uplink entre RATs, nao de recursos de radio		
QG001	comunicacao_5g	curta	alocação de recursos em rede 5G	Patentes sobre escalonamento, recursos uplink/downlink, grants, numerologia ou alocação dinâmica em sistemas 5G/LTE	Alocação computacional genérica sem rádio	BR112015006983	112015006983	MÉTODO, MEIO DE ARMAZENAMENTO LEGÍVEL POR COMPUTADOR NÃO TRANSITÓRIO, E APARELHO	MÉTODO; MEIO DE ARMAZENAMENTO LEGÍVEL POR COMPUTADOR, NÃO TRANSITÓRIO, CODIFICADO COM UM CÓDIGO DE PROGRAMA DE COMPUTADOR; E APARELHO. De acordo com as modalidades exemplificativas da invenção, há pelo menos um método e um aparelho para realizar operações incluindo a inicialização, por um dispositivo de uma rede de comunicação, de um temporizador em resposta a uma mensagem de controle de recursos de rádio, onde uma mensagem de indicação de preferência de energia não é enviada pelo dispositivo para pelo menos uma duração do temporizador.	pooling	bm25_tr	1	12	0	Temporizador RRC e preferencia de energia		
QG001	comunicacao_5g	curta	alocação de recursos em rede 5G	Patentes sobre escalonamento, recursos uplink/downlink, grants, numerologia ou alocação dinâmica em sistemas 5G/LTE	Alocação computacional genérica sem rádio	BR112022022477	112022022477	MÉTODO PARA SINTETIZAR COMPOSTO ANTITUMORAL E INTERMEDIÁRIOS DO MESMO	MÉTODO PARA SINTETIZAR COMPOSTO ANTITUMORAL E INTERMEDIÁRIOS DO MESMO. A presente invenção pertence ao campo técnico de medicamentos e, particularmente, refere-se a um método para sintetizar um composto antitumoral e intermediários do mesmo. O método de síntese da presente invenção melhorou a operabilidade e permite um processo simplificado, no qual maior pureza pode ser alcançada sem o complicado processo de recristalização do composto alvo sintetizado e, portanto, se produz menos dos três resíduos, tornando o método mais adequado para a produção industrial em massa. Quando os intermediários de acordo com a presente invenção são usados para preparar um composto antitumoral, os subprodutos são efetivamente reduzidos durante as reações e, assim, o rendimento geral das reações é melhorado e é pelo menos duas vezes maior do que o obtido usando o método de síntese existente.	aleatorio		0	999	0	Sintese de composto antitumoral		
QG001	comunicacao_5g	curta	alocação de recursos em rede 5G	Patentes sobre escalonamento, recursos uplink/downlink, grants, numerologia ou alocação dinâmica em sistemas 5G/LTE	Alocação computacional genérica sem rádio	BR102023003710	102023003710	Sistema de medição de propriedades de materiais	sistema de medição de propriedades de materiais. a solução técnica refere-se ao estudo e análise das propriedades dos materiais. o resultado técnico é alcançado pelo projeto do sistema de medição de propriedades de materiais, que inclui um dispositivo para medir e transmitir as propriedades do material de teste, que contém uma placa eletrônica com pelo menos um transmissor que mede as propriedades do meio de teste, um transceptor e uma fonte de alimentação contidos na carcaça, e um dispositivo remoto, que se conecta a ele por um cabo, de preferência de 0,3-20 m de comprimento, para medir as propriedades no corpo do material de teste, que contém uma placa eletrônica com pelo menos um transmissor para medir as propriedades do meio de teste; o dispositivo para medir e transmitir as propriedades do material de teste é projetado para adquirir sinais do dispositivo remoto para medir as propriedades no corpo do material de teste e transmitir sinais de todos os transmissores via comunicação sem fio para um dispositivo digital e/ou servidor em nuvem, este dispositivo remoto para medir as propriedades no corpo do material de teste tem uma carcaça selada que contémuma placa eletrônica com um transmissor, e esta carcaça tem 0,5-20 mm de espessura. o resultado técnico da solução técnica reivindicada é a melhoria da precisão da medição e transmissão de dados; aumento da confiabilidade dos dispositivos de medição de propriedades em condições operacionais; melhoria do desempenho do sistema de medição de propriedades de materiais.	aleatorio		0	999	0	Sistema de medicao de propriedades de materiais		
QG001	comunicacao_5g	curta	alocação de recursos em rede 5G	Patentes sobre escalonamento, recursos uplink/downlink, grants, numerologia ou alocação dinâmica em sistemas 5G/LTE	Alocação computacional genérica sem rádio	BR112018068264	112018068264	APARELHO E CONJUNTO DE MOTOR PARA ACIONAR UM DISPOSITIVO GIRATÓRIO OU BOMBA	A presente invenção refere-se a um conjunto de motor para acionar uma bomba ou dispositivo giratório que apresenta um plano de alimentação com uma geometria circular para ser montado dentro de um envelope de espaço tendo uma geometria circular similar formada em uma placa de extremidade entre uma porção de parte central interna e uma porção periférica que se estende circunferencialmente ao redor do envelope de espaço da placa de extremidade. O plano de alimentação é um conjunto ou placa de circuito de múltiplas camadas tendo: uma camada de alimentação com módulos de potência de temperatura mais alta para fornecer potência a um motor, uma camada de controle com módulos de componentes eletrônicos de controle de temperatura mais baixa para controlar a potência fornecida ao motor e uma barreira térmica e uma camada de placa de circuito impresso entre a camada de alimentação e a camada de controle que fornece trajetórias de conexão elétrica entre os módulos de potência do plano de alimentação e os módulos de componentes eletrônicos de controle da camada de controle e fornece também isolamento entre a camada de alimentação e a camada de controle.	aleatorio		0	999	0	Conjunto de motor para bomba		
QG001	comunicacao_5g	curta	alocação de recursos em rede 5G	Patentes sobre escalonamento, recursos uplink/downlink, grants, numerologia ou alocação dinâmica em sistemas 5G/LTE	Alocação computacional genérica sem rádio	BR112018005833	112018005833	Composto, sal farmaceuticamente aceitável, composição farmacêutica e uso do composto	composto, sal farmaceuticamente aceitável, composição farmacêutica e uso do composto. são descritos compostos de fórmula (i) e composições farmacêuticas compreendendo tais compostos, e seus métodos / usos, por exemplo, para tratar uma doença relacionada com jak, tal como câncer, caquexia de câncer ou um distúrbio imunológico, onde r1 é metila ou etila; r2 é selecionado a partir de metila, etila, metóxi e etóxi; r3 é selecionado a partir de hidrogênio, cloro, flúor, bromo e metila; r4 é selecionado a partir de metila, etila e -ch2och3; r5 e r6 são, cada um, individualmente, metila ou hidrogênio; e r7 é selecionado a partir de metila, etila, -(ch2)2oh e -(ch2)2och3, ou um seu sal farmaceuticamente aceitável.	aleatorio		0	999	0	Inibidores JAK para cancer		
QG001	comunicacao_5g	curta	alocação de recursos em rede 5G	Patentes sobre escalonamento, recursos uplink/downlink, grants, numerologia ou alocação dinâmica em sistemas 5G/LTE	Alocação computacional genérica sem rádio	BR112022013755	112022013755	MÉTODOS PARA O TRATAMENTO DE CAQUEXIA E DE CÂNCER, E, COMPOSIÇÃO FARMACÊUTICA	MÉTODOS PARA O TRATAMENTO DE CAQUEXIA E DE CÂNCER, E, COMPOSIÇÃO FARMACÊUTICA. É descrito neste documento um uso de cetamina no tratamento de caquexia, em que a cetamina é administrada a um indivíduo que é tratado com 5-FU e a quantidade de dose de cetamina é de cerca de 60% para 5-FU. Especificamente, a cetamina na presente invenção é usada para elevar a sobrevida e melhorar a redução de peso causada pela caquexia.	aleatorio		0	999	0	Uso de cetamina em caquexia		
QG001	comunicacao_5g	curta	alocação de recursos em rede 5G	Patentes sobre escalonamento, recursos uplink/downlink, grants, numerologia ou alocação dinâmica em sistemas 5G/LTE	Alocação computacional genérica sem rádio	BR112016007771	112016007771	INALADOR DE PÓ SECO E USO DE PROPIONATO DE FLUTICASONA E SALMETEROL	INALADOR DE PÓ SECO. Esta invenção fornece um inalador de pó seco compreendendo: um medicamento em pó seco compreendendo propionato de fluticasona, xinafoato de salmeterol e um veículo de lactose; em que, a dose entregue de salmeterol por atuação é inferior a 50 micrograma; e em que a dose fornece um FEV1 de linha de base ajustada em um paciente de mais de 150 ml no prazo de 30 minutos de recepção da dose. Um método de tratamento de um paciente inclui a administração a um paciente de um medicamento em pó seco com propionato de fluticasona, xinafoato de salmeterol e um veículo de lactose; em que, a dose entregue de salmeterol por atuação é inferior a 50 micrograma; e em que a dose fornece um FEV1 de linha de base ajustada em um paciente de mais de 150 ml no prazo de 30 minutos de recepção da dose.	aleatorio		0	999	0	Inalador de po seco		
QG001	comunicacao_5g	curta	alocação de recursos em rede 5G	Patentes sobre escalonamento, recursos uplink/downlink, grants, numerologia ou alocação dinâmica em sistemas 5G/LTE	Alocação computacional genérica sem rádio	BR112022017328	112022017328	RECIPIENTE PRÉ-CHEIO, MÉTODO DE USO E MÉTODO DE PRODUÇÃO RELACIONADO	RECIPIENTE PRÉ-CHEIO, MÉTODO DE USO E MÉTODO DE PRODUÇÃO RELACIONADO. A presente invenção refere-se a um recipiente (1) que é pré-cheio ou pré-enchivel com uma ou mais substâncias, tais como um líquido medicinal e similares, compreendendo um compartimento de ativação compressível (2) destinado a conter as referidas uma ou mais substâncias, um compartimento distribuidor (3) incluindo uma primeira porção (31) equipada com pelo menos um elemento distribuidor (311, 312, 314) das referidas uma ou mais substâncias e uma segunda porção (32), em que a referida segunda porção (32) do referido compartimento distribuidor (3) e o referido compartimento de ativação (2) são conectados fluido-dinamicamente, e um elemento ativador (4) disposto dentro do referido recipiente (1). A presente invenção também se refere a um método para distribuir pelo menos uma substância por meio de um recipiente (1), e a um método de produção de um recipiente (1).	aleatorio		0	999	0	Recipiente pre-cheio para liquido medicinal		
QG001	comunicacao_5g	curta	alocação de recursos em rede 5G	Patentes sobre escalonamento, recursos uplink/downlink, grants, numerologia ou alocação dinâmica em sistemas 5G/LTE	Alocação computacional genérica sem rádio	BR112023019112	112023019112	Composições de vacinas depletantes de fatores de crescimento hematopoiético para o tratamento de doenças inflamatórias	composições de vacinas depletantes de fatores de crescimento hematopoiético para o tratamento de doenças inflamatórias. a presente invenção refere-se aos ramos da biotecnologia e da medicina. particularmente, a presente invenção se refere a composições de vacinas terapêuticas capazes de produzir uma reação autoimune contra fatores de crescimento hematopoiético, tais como g-scf e/ou gm-csf, ligadas a outras moléculas ou um fragmento das mesmas por conjugação química ou fusão. as referidas composições de vacinas são úteis para o tratamento de doenças inflamatórias, em especial onde ocorra um aumento patológico de neutrófilos circulantes.	aleatorio		0	999	0	Vacinas para doencas inflamatorias		
QG001	comunicacao_5g	curta	alocação de recursos em rede 5G	Patentes sobre escalonamento, recursos uplink/downlink, grants, numerologia ou alocação dinâmica em sistemas 5G/LTE	Alocação computacional genérica sem rádio	BR112017002263	112017002263	INIBIDORES DE PROTEÍNA CINASE C, SEUS USOS, E COMPOSIÇÃO FARMACÊUTICA	A presente invenção refere-se a inibidores de PKC. Os inibidores de PKC são úteis para o tratamento de doenças associadas com PKC, incluindo determinados cânceres. Os inibidores de PKC têm eficácia melhorada em menores quantidades de dosagem para obter regressão de tumor, potência melhorada, perfil PK, absorção, tolerância gastrointestinal e seletividade de cinase.	aleatorio		0	999	0	Inibidores de proteina cinase C		
QG001	comunicacao_5g	curta	alocação de recursos em rede 5G	Patentes sobre escalonamento, recursos uplink/downlink, grants, numerologia ou alocação dinâmica em sistemas 5G/LTE	Alocação computacional genérica sem rádio	BR102017014720	102017014720	MÉTODO PARA MONITORAR EVENTOS TÉRMICOS, AERONAVE, E, MEIO DE ARMAZENAMENTO LEGÍVEL POR COMPUTADOR	MÉTODO PARA MONITORAR EVENTOS TÉRMICOS, E, AERONAVE. Um método para monitorar eventos térmicos em um compartimento de motor de aeronave (100) inclui obter primeiros dados de sensor a partir de um primeiro sensor posicionado dentro de um compartimento de motor (100) de uma aeronave. O método inclui também determinar uma média móvel de série temporal com base, pelo menos em parte, em um subconjunto dos primeiros dados de sensor. A média móvel de série temporal é indicativa de uma taxa de variação de temperatura média do compartimento de motor (100). O método inclui também determinar um desvio padrão da média móvel de série temporal e detectar uma tendência de taxas de variação de temperatura que satisfazem um critério de taxa de variação. O critério de taxa de variação é baseado em um múltiplo do desvio padrão, e as taxas de variação de temperatura são baseadas em temperaturas do compartimento de motor (100). O método inclui também gerar um alerta em resposta à detecção da tendência. O alerta é indicativo de um evento térmico associado ao compartimento de motor (100).	aleatorio		0	999	0	Monitoramento de eventos termicos em aeronave		
QG001	comunicacao_5g	curta	alocação de recursos em rede 5G	Patentes sobre escalonamento, recursos uplink/downlink, grants, numerologia ou alocação dinâmica em sistemas 5G/LTE	Alocação computacional genérica sem rádio	BR112022026261	112022026261	REDES NEURAIS ADAPTATIVAS PARA ANALISAR IMAGENS MÉDICAS	REDES NEURAIS ADAPTATIVAS PARA ANALISAR IMAGENS MÉDICAS. A presente invenção refere-se a sistemas e métodos que são proporcionados para classificação de imagens médicas a partir de várias fontes. Um conjunto de imagens médicas microscópicas é adquirido e um primeiro módulo de rede neural configurado para reduzir cada conjunto de imagens médicas microscópicas a uma representação de recurso é gerado. O primeiro módulo de rede neural, um segundo módulo de rede neural e um terceiro módulo de rede neural são treinados em pelo menos um subconjunto do conjunto de imagens médicas microscópicas. O segundo módulo de rede neural é treinado para receber uma representação de recurso associada a uma imagem das imagens microscópicas e classificar a imagem em uma de uma primeira pluralidade de classes de saída. O terceiro módulo de rede neural é treinado para receber a representação de recurso, classificar a imagem em uma de uma segunda pluralidade de classes de saída com base na representação de recurso e fornecer feedback ao primeiro módulo de rede neural.	pooling_corpus1000	bm25_corpus1000	1		0	Redes neurais para imagens medicas		
QG001	comunicacao_5g	curta	alocação de recursos em rede 5G	Patentes sobre escalonamento, recursos uplink/downlink, grants, numerologia ou alocação dinâmica em sistemas 5G/LTE	Alocação computacional genérica sem rádio	BR112013006783	112013006783	SISTEMA DE REDE, DISPOSITIVO DE USUÁRIO FINAL E ELEMENTO DE REDE	SISTEMA DE REDE Trata-se de diversas modalidades para evitar, detectar ou agir em resposta ao movimento de uma credencial de dispositivo de um dispositivo para outro, a configuração imprópria de um processador de serviço, um processa dor de serviço ausente ou a adulteração de um processador de serviço em sistemas de serviços auxiliados por dispositivo (DAS).	pooling_corpus1000	bm25_corpus1000	1		0	Credencial de dispositivo em servicos auxiliados por dispositivo		
QG001	comunicacao_5g	curta	alocação de recursos em rede 5G	Patentes sobre escalonamento, recursos uplink/downlink, grants, numerologia ou alocação dinâmica em sistemas 5G/LTE	Alocação computacional genérica sem rádio	BR112023020242	112023020242	Unidade de aplicador	unidade de aplicador. a invenção se refere a uma unidade de aplicador (1) com um aplicador (2) e um fluido na forma de um fluido cosmético ou farmacêutico a ser aplicado na pele ou no cabelo, com um órgão de aplicador (3) que armazena o fluido em sua parte interna e que serve para distribuir o fluido após sua liberação, sendo o órgão de aplicador (3) um corpo oco com uma parede (5) que delimita sua parte interna e que é formada por uma rede (5) de nervuras interconectadas localmente (8, 9) que são, caso contrário, afastadas uma da outra, de outro modo, nervuras afastadas (8, 9), caracterizada pelo fato de que o espaço interno e/ou a rede (5) são compatíveis com o fluido para o qual o aplicador se destina a ser aplicado de tal modo que a rede (5) retenha uma certa quantidade de fluido em seu espaço interno após ser imersa em e retirada de um abastecimento de fluido e libere o fluido retido para o lado externo por meio dos interstícios (11) da rede (5) quando a rede (5) é deformada mediante o contato com a superfície (14) a ser tratada.	pooling_corpus1000	bm25_corpus1000	1		0	Unidade aplicadora de fluido cosmetico		
QG001	comunicacao_5g	curta	alocação de recursos em rede 5G	Patentes sobre escalonamento, recursos uplink/downlink, grants, numerologia ou alocação dinâmica em sistemas 5G/LTE	Alocação computacional genérica sem rádio	BR112020011703	112020011703	FORNECENDO ACESSO À REDE USANDO PAGAMENTOS EM BLOCKCHAIN	São revelados aparelhos, métodos e sistemas para acesso à rede usando pagamentos em blockchain. Um aparelho 400 inclui um processador 405 e um transceptor 425 que recebe 905 uma mensagem de solicitação de autenticação para uma unidade remota, a mensagem de solicitação de autenticação incluindo um identificador de unidade remota, o identificador de unidade remota indicando que a unidade remota está solicitando acesso à rede por meio de um pagamento em blockchain. O processador 405 gera 910 um endereço para uma rede de blockchain indicada pelo identificador de unidade remota para receber o pagamento em blockchain. O transceptor 425 recebe 915 uma mensagem de informação de pagamento em blockchain da unidade remota e o processador 405 fornece 920 acesso à rede à unidade remota em resposta à validação com sucesso da informação de pagamento em blockchain recebida.	pooling_corpus1000	bm25_corpus1000	1		0	Acesso a rede via pagamentos em blockchain		
QG001	comunicacao_5g	curta	alocação de recursos em rede 5G	Patentes sobre escalonamento, recursos uplink/downlink, grants, numerologia ou alocação dinâmica em sistemas 5G/LTE	Alocação computacional genérica sem rádio	BR112016023155	112016023155	MÉTODO, APARELHO E SISTEMA DE SOLUÇÃO DE PROBLEMAS COM BASE NA VIRTUALIZAÇÃO DE FUNÇÃO DE REDE	MÉTODO, APARELHO E SISTEMA DE SOLUÇÃO DE PROBLEMAS COM BASE NA VIRTUALIZAÇÃO DE FUNÇÃO DE REDE. As modalidades da presente invenção revelam um método, aparelho e sistema de solução de problemas com base na virtualização de função de rede. Uma segunda entidade funcional envia (101) uma solicitação de análise de correlação de falha de um serviço de rede virtualizado para uma primeira entidade funcional, de modo que a primeira entidade funcional envie (103, 105), mediante a detecção de que existem falhas em uma NFVI e uma VNF que é correspondente ao identificador de VNF, as informações de falha das VNF e as informações de falha da NFVI para a segunda entidade funcional de acordo com um identificador de VNF e um identificador de NFVI que estão incluídos na solicitação de análise de correlação de falha, e a segunda entidade funcional realiza (106) uma análise de correlação de falha no serviço de rede virtualizado, na VNF e na NFVI de acordo com as informações de falha da VNF e as informações de falha da NFVI. Dessa forma, o tempo de processamento de correlação de falha do serviço de rede virtualizado, da VNF e da NFVI é reduzido e a eficiência de solução de problemas é aprimorada.	pooling_corpus1000	bm25_corpus1000	1		0	Solucao de problemas em virtualizacao de funcao de rede		
QG001E	comunicacao_5g	especifica	concessao configurada de enlace ascendente e escalonamento semi-persistente em 5G NR	Patentes sobre configured grant de uplink, escalonamento semi-persistente (SPS), ativacao ou liberacao por DCI, ou alocacao periodica de recursos de enlace ascendente em NR/LTE	Alocacao dinamica por concessao convencional; selecao de recursos de sidelink; procedimentos de acesso aleatorio	BR112022007976		TÉCNICAS PARA LIBERAÇÃO DE VALIDAÇÃO DE CONCESSÃO CONFIGURADA DE ENLACE ASCENDENTE E PROGRAMAÇÃO SEMI-PERSISTENTE	TÉCNICAS PARA LIBERAÇÃO DE VALIDAÇÃO DE CONCESSÃO CONFIGURADA DE ENLACE ASCENDENTE E PROGRAMAÇÃO SEMIPERSISTENTE.São descritos métodos, sistemas e dispositivos para comunicações sem fio que suportam técnicas para validação de liberação de concessões configuradas de enlace ascendente e programação semi-persistente (SPS). Por exemplo, SPS de enlace descendente e concessões configuradas de enlace ascendente podem ser liberadas usando informações de controle de enlace descendente sem fallback (DCI). Nesses casos, um campo de alocação de recursos dentro da DCI pode ser baseado em um tipo de alocação de recursos configurado para o UE, o que pode permitir que uma atribuição inválida seja indicada ao UE para liberação das comunicações configuradas semi-estaticamente. Em outros casos, os campos dentro da DCI podem incluir valores predefinidos que são usados para indicar a liberação. Um UE pode validar se a DCI ativa ou libera a SPS de enlace descendente ou a concessão configurada de enlace ascendente com base no valor dos campos de bits dentro da DCI.	pooling_derivadas	bm25_4variantes			3	Validacao de liberacao de concessao configurada de uplink e SPS; corresponde exatamente		
QG001E	comunicacao_5g	especifica	concessao configurada de enlace ascendente e escalonamento semi-persistente em 5G NR	Patentes sobre configured grant de uplink, escalonamento semi-persistente (SPS), ativacao ou liberacao por DCI, ou alocacao periodica de recursos de enlace ascendente em NR/LTE	Alocacao dinamica por concessao convencional; selecao de recursos de sidelink; procedimentos de acesso aleatorio	BR112022016055		MÉTODO DE PROCESSAMENTO DE INFORMAÇÕES E APARELHO DE PROCESSAMENTO DE INFORMAÇÕES	MÉTODO DE PROCESSAMENTO DE INFORMAÇÕES E APARELHO DE PROCESSAMENTO DE INFORMAÇÕES. São revelados um método e um aparelho de processamento de informações, uma mídia de armazenamento, um processador e um dispositivo eletrônico. O dito método compreende: receber informações de configuração a partir de um dispositivo de lado de rede, em que as informações de configuração são usadas para configurar um recurso de transmissão de concessão configurada por enlace lateral, e em que o recurso de transmissão de concessão configurada por enlace lateral é um recurso de transmissão em um agrupamento de recursos; determinar, com base nas informações de configuração, informações de domínio de tempo correspondentes ao recurso de transmissão de concessão configurada por enlace lateral; e de acordo com as informações de domínio de tempo correspondentes ao recurso de transmissão de concessão configurada por enlace lateral, determinar um primeiro número de processo de solicitação de repetição automática híbrida. A presente invenção soluciona o problema técnico, na técnica relacionada, de carecer de um método para determinar o número de processo de HARQ para concessão configurada por enlace lateral.	pooling_derivadas	bm25_4variantes			2	Informacoes de configuracao para configurar recurso de transmissao		
QG001E	comunicacao_5g	especifica	concessao configurada de enlace ascendente e escalonamento semi-persistente em 5G NR	Patentes sobre configured grant de uplink, escalonamento semi-persistente (SPS), ativacao ou liberacao por DCI, ou alocacao periodica de recursos de enlace ascendente em NR/LTE	Alocacao dinamica por concessao convencional; selecao de recursos de sidelink; procedimentos de acesso aleatorio	BR112022008710		MÉTODO PARA RELATAR INFORMAÇÕES DE ENLACE LATERAL, DISPOSITIVO TERMINAL, E DISPOSITIVO DE REDE	MÉTODO PARA RELATAR INFORMAÇÕES DE ENLACE LATERAL, DISPOSITIVO TERMINAL, E DISPOSITIVO DE REDE. A presente invenção fornece um método para relatar informações e aparelho e um terminal e uma mídia de armazenamento legível. O método compreende: uma extremidade de envio obtém um período de recursos de transmissão configurado e autorizado por uma rede; transmitir um bloco de transmissão para uma extremidade de recepção com base nos recursos de transmissão, sendo que os recursos de transmissão são usados para transmitir um mesmo bloco de transmissão ou uma pluralidade de diferentes blocos de transmissão; relatar uma quantidade predefinida de informações de informações de relatório para a rede de acordo com uma situação de transmissão e/ou uma situação de retroalimentação da extremidade de recepção. De acordo com a presente invenção, a extremidade de envio pode transmitir dados de enlace lateral para a extremidade de recepção com base nos recursos de transmissão obtidos e o mesmo bloco de transmissão ou uma pluralidade de diferentes blocos de transmissão pode ser transmitida em cada período, que enriquece o modo de transmissão; nesse período, a extremidade de envio também pode relatar uma quantidade fixa de informações de informações de acordo com a situação de transmissão real e/ou a situação de retroalimentação da extremidade de recepção, que melhora as informações que relatam os processos sob recursos de transmissão, o que facilita a integridade e estabilidade de melhoramento de transmissão de enlace lateral.	pooling_derivadas	bm25_4variantes			2	Periodo de recursos de transmissao configurado e autorizado pela rede		
QG001E	comunicacao_5g	especifica	concessao configurada de enlace ascendente e escalonamento semi-persistente em 5G NR	Patentes sobre configured grant de uplink, escalonamento semi-persistente (SPS), ativacao ou liberacao por DCI, ou alocacao periodica de recursos de enlace ascendente em NR/LTE	Alocacao dinamica por concessao convencional; selecao de recursos de sidelink; procedimentos de acesso aleatorio	BR112019001900		MÉTODO E APARELHO PARA COMUNICAÇÃO SEM FIO POR UMA ESTAÇÃO BASE, MÉTODO E DISPOSITIVO SEM FIO PARA COMUNICAÇÃO SEM FIO POR UM PRIMEIRO NÓ SEM FIO, E MEMÓRIA LEGÍVEL POR COMPUTADOR	Determinados aspectos da presente revelação fornecem técnicas para a coexistência de serviços confiáveis de baixa latência e outros em uma rede sem fio. De acordo com certos aspectos, é fornecido um método de comunicação sem fio por uma estação base. O método geralmente inclui reservar uma primeira região de um conjunto de recursos para um primeiro usuário, pelo menos, para uma primeira transmissão uplink relacionada a um primeiro tipo de serviço, receber a primeira transmissão uplink na primeira região reservada, e atribuir dinamicamente recursos em uma segunda região do conjunto de recursos para, pelo menos, uma segunda transmissão uplink relacionada com o primeiro tipo de serviço.	pooling_derivadas	bm25_4variantes			1	Negativo dificil: atribuicao dinamica de recursos pela estacao base, nao concessao configurada		
QG001E	comunicacao_5g	especifica	concessao configurada de enlace ascendente e escalonamento semi-persistente em 5G NR	Patentes sobre configured grant de uplink, escalonamento semi-persistente (SPS), ativacao ou liberacao por DCI, ou alocacao periodica de recursos de enlace ascendente em NR/LTE	Alocacao dinamica por concessao convencional; selecao de recursos de sidelink; procedimentos de acesso aleatorio	BR112022018116		MÉTODOS E APARELHOS PARA POSICIONAMENTO COOPERATÓRIO ASSISTIDO POR ENLACE LATERAL	MÉTODOS E APARELHOS PARA POSICIONAMENTO COOPERATÓRIO ASSISTIDO POR ENLACE LATERAL. São divulgadas técnicas para comunicação sem fio. Em um aspecto, um primeiro equipamento de usuário (UE) transmite uma solicitação para realizar um procedimento de posicionamento para pelo menos um segundo UE por meio de um enlace lateral entre o primeiro UE e o pelo menos um segundo UE, recebe a partir do pelo menos um segundo UE por meio do enlace lateral, uma indicação de um conjunto de recursos de tempo, recursos de frequência, ou ambos alocados para o procedimento de posicionamento, e transmite pelo menos um sinal de referência de posicionamento no conjunto de recursos de tempo e/ou frequência alocados para o procedimento de posicionamento. O segundo UE recebe a solicitação para realizar um procedimento de posicionamento do primeiro UE por meio do enlace lateral; transmite a solicitação para realizar o procedimento de posicionamento para uma primeira entidade de rede; recebe, a partir de uma segunda entidade de rede, uma indicação de um conjunto de recursos de tempo, recursos de frequência, ou ambos alocados para o procedimento de posicionamento; e transmite a indicação para o primeiro UE por meio do enlace lateral.	pooling_derivadas	bm25_4variantes			1	Negativo dificil: recursos alocados para posicionamento em sidelink		
QG001E	comunicacao_5g	especifica	concessao configurada de enlace ascendente e escalonamento semi-persistente em 5G NR	Patentes sobre configured grant de uplink, escalonamento semi-persistente (SPS), ativacao ou liberacao por DCI, ou alocacao periodica de recursos de enlace ascendente em NR/LTE	Alocacao dinamica por concessao convencional; selecao de recursos de sidelink; procedimentos de acesso aleatorio	BR112022015632		MÉTODO DE RETROALIMENTAÇÃO DE INFORMAÇÕES DE ESTADO DE CANAL, DISPOSITIVO, TERMINAL E LADO DE REDE, E MÍDIA DE ARMAZENAMENTO	MÉTODO DE RETROALIMENTAÇÃO DE INFORMAÇÕES DE ESTADO DE CANAL, DISPOSITIVO, TERMINAL E LADO DE REDE, E MÍDIA DE ARMAZENAMENTO.São fornecidos, nas modalidades do presente pedido, um método, dispositivo de retroalimentação de informações de estado de canal, terminal e lado de rede e uma mídia de armazenamento. O método compreende: receber um CSI-RS para a formação de feixes que é enviado por um lado de rede por meio de uma porta de antena, ou um CSI-RS para a formação de feixes e informações de indicação de vetor de base de domínio de frequência, em que o feixe usado na formação de feixes é determinado com base em um vetor de base de domínio espacial ou com base no vetor de base de domínio espacial e no vetor de base de domínio de frequência, e o vetor de base de domínio espacial e o vetor de base de domínio de frequência são determinados com base em um canal de enlace ascendente; com base no CSI-RS para a formação de feixes, ou o CSI-RS para a formação de feixes e as informações de indicação de vetor de base de domínio de frequência, determinar informações de indicação de porta e um coeficiente de combinação de porta para a transmissão de dados; e retroalimentar as informações de indicação de porta e coeficiente de combinação de porta em relação ao lado de rede para o lado de rede para determinar a pré-conversão em código de dados de transmissão de enlace descendente. O método, dispositivo, terminal, lado de rede e mídia de armazenamento fornecidos pelas modalidades do presente pedido reduzem a complexidade computacional, reduzem a sobrecarga de retroalimentação e aprimoram o desempenho do sistema.	pooling_derivadas	bm25_4variantes			1	Retroalimentacao de CSI, insumo para escalonamento e nao concessao configurada		
QG001E	comunicacao_5g	especifica	concessao configurada de enlace ascendente e escalonamento semi-persistente em 5G NR	Patentes sobre configured grant de uplink, escalonamento semi-persistente (SPS), ativacao ou liberacao por DCI, ou alocacao periodica de recursos de enlace ascendente em NR/LTE	Alocacao dinamica por concessao convencional; selecao de recursos de sidelink; procedimentos de acesso aleatorio	BR112022008763		MÉTODO PARA ESTABELECER ENLACES DE UNIDIFUSÃO ESTENDIDOS E ENLACES DE UNIDIFUSÃO DE GERENCIAMENTO, UNIDADE DE TRANSMISSÃO/RECEPÇÃO SEM FIO DE RETRANSMISSÃO, E, MÉTODO PARA DESCOBERTA DE SERVIÇO E ESTABELECIMENTO DE ENLACE	MÉTODO IMPLEMENTADO POR UMA UNIDADE DE TRANSMISSÃO/RECEPÇÃO SEM FIO DE RETRANSMISSÃO, E, UNIDADE DE TRANSMISSÃO/RECEPÇÃO SEM FIO DE RETRANSMISSÃO. São fornecidos métodos, aparelhos, sistemas, arquiteturas e interfaces, executados por uma unidade de transmissão/recepção sem fio retransmissora (R-WTRU) incluindo um transmissor, um receptor, uma memória e um processador, a fim de estabelecer enlaces de unidifusão estendidos e enlaces de unidifusão de gerenciamento. O método inclui: executar, por meio da R-WTRU, um procedimento de estabelecimento de enlace para estabelecer vários enlaces de unidifusão estendidos, a fim de retransmitir o tráfego entre uma WTRU de provedor de serviços (SP-WTRU) e várias WTRUs de usuário de serviços (SU-WTRUs), de acordo com um mapeamento gerado pela R-WTRU, sendo que o procedimento de estabelecimento de enlace inclui: (1) gerar um mapeamento de quaisquer dentre os enlaces estendidos e identificadores (IDs) de camada 2 (L2) para quaisquer dentre uma SP-WTRU, uma R-WTRU e várias SU-WTRUs, e (2) transmitir uma ID de retransmissão exclusiva; estabelecer um enlace de unidifusão de gerenciamento para os enlaces de unidifusão estendidos; e aplicar várias solicitações de gerenciamento de enlace recebidas por meio do enlace de unidifusão de gerenciamento a enlaces de unidifusão estendidos associados.	pooling_derivadas	bm25_4variantes			1	Estabelecimento de enlaces de unidifusao em retransmissao		
QG001E	comunicacao_5g	especifica	concessao configurada de enlace ascendente e escalonamento semi-persistente em 5G NR	Patentes sobre configured grant de uplink, escalonamento semi-persistente (SPS), ativacao ou liberacao por DCI, ou alocacao periodica de recursos de enlace ascendente em NR/LTE	Alocacao dinamica por concessao convencional; selecao de recursos de sidelink; procedimentos de acesso aleatorio	BR112014017509		REDUÇÃO DE POTÊNCIA MÁXIMA PARA CONTROLE DE INTERFERÊNCIA EM CANAIS ADJACENTES	REDUÇÃO DE POTÊNCIA MÁXIMA PARA CONTROLE DE INTERFERÊNCIA EM CANAIS ADJACENTES. São reveladas técnicas para determinar valores de relaxamento de potência. Os valores de relaxamento de potência podem ser determinados de acordo com uma terminação; bloco de recursos (RB) e um número de RBs em uma alocação contígua. Em um aspecto, os valores de relaxamento de potência são arranjados em regiões com base, ao menos em parte, nas larguras de banda de canal de transmissão e na distância a partir de um canal adjacente protegido. Um equipamento de usuário (UE) pode determinar um valor de relaxamento de potência para a sua alocação atual utilizando o índice de RB de terminação e extensão de RB contíguo e pode ajustar em conformidade a potência de transmissão. NodeBs evoluídos podem estimar o relaxamento de potência que um UE específico selecionou para determinar com maior exatidão a potência de transmissão disponível para o UE. Utilizando a estimativa mais exata de potência de transmissão, o eNB pode programar em conformidade o UE para transmissões de uplink.	pooling_derivadas	bm25_4variantes			1	Relaxamento de potencia por bloco de recursos em alocacao contigua		
QG001E	comunicacao_5g	especifica	concessao configurada de enlace ascendente e escalonamento semi-persistente em 5G NR	Patentes sobre configured grant de uplink, escalonamento semi-persistente (SPS), ativacao ou liberacao por DCI, ou alocacao periodica de recursos de enlace ascendente em NR/LTE	Alocacao dinamica por concessao convencional; selecao de recursos de sidelink; procedimentos de acesso aleatorio	BR112023002330		EXTENSÕES DE PAGINAÇÃO	EXTENSÕES DE PAGINAÇÃO.Aparelhos, métodos e sistemas são divulgados para mensagens de paginação estendidas. Um aparelho de Equipamento de Usuário (UE) (900) em uma rede de comunicação móvel inclui um processador (905) e um transceptor (925) que envia (1105) uma mensagem para um nó de rede (1000), com a mensagem indicando que o aparelho de UE (900) suporta extensões de paginação. O transceptor (925) recebe (1110) uma mensagem de confirmação a partir do nó de rede (1000), com a mensagem de confirmação notificando o aparelho de UE (900) para esperar extensões de paginação. O transceptor (925) recebe (1115) Informações de Controle de Enlace Descendente (DCI) de paginação com uma verificação de redundância cíclica (CRC) embaralhada por um Identificador Temporário de Rede de Rádio (P-RNTI) de Paginação, em que a DCI de paginação escalona uma Transmissão de Canal Compartilhado de Enlace Descendente Físico (PDSCH). O transceptor (925) recebe (1120) uma mensagem de paginação na transmissão de PDSCH. O processador (905) identifica (1125) uma extensão de paginação para o UE na DCI de paginação e/ou na mensagem de paginação.	pooling_derivadas	bm25_4variantes			1	Extensoes de paginacao, sinalizacao periodica sem concessao de uplink		
QG001E	comunicacao_5g	especifica	concessao configurada de enlace ascendente e escalonamento semi-persistente em 5G NR	Patentes sobre configured grant de uplink, escalonamento semi-persistente (SPS), ativacao ou liberacao por DCI, ou alocacao periodica de recursos de enlace ascendente em NR/LTE	Alocacao dinamica por concessao convencional; selecao de recursos de sidelink; procedimentos de acesso aleatorio	BR112023018206		MODIFICAÇÃO DE POTÊNCIAS DE TRANSMISSÃO DE SINAIS DE UPLINK ASSOCIADOS ÀS DIFERENTES TECNOLOGIAS DE ACESSO VIA RÁDIO (RATS)	MODIFICAÇÃO DE POTÊNCIAS DE TRANSMISSÃO DE SINAIS DE UPLINK ASSOCIADOS ÀS DIFERENTES TECNOLOGIAS DE ACESSO VIA RÁDIO (RATs).Esta revelação fornece sistemas, métodos e aparelhos para compartilhar um limite máximo de potência de transmissão entre uma primeira tecnologia de acesso via rádio (RAT) e uma segunda RAT. Em um aspecto, um aparelho de comunicação sem fio pode reduzir o limite máximo de potência de transmissão de um primeiro sinal de uplink associado à primeira RAT para obter uma primeira potência de transmissão. O aparelho de comunicação sem fio pode alocar uma segunda potência de transmissão, remanescente do limite máximo de potência de transmissão para um segundo sinal de uplink associado à segunda RAT. O aparelho de comunicação sem fio pode reduzir o limite máximo de potência de transmissão, quando o aparelho de comunicação sem fio está localizado em um cell edge e uma prioridade mais alta da primeira RAT em relação à segunda RAT pode resultar na segunda potência de transmissão do segundo sinal de uplink não satisfazendo um limite.	pooling_derivadas	bm25_4variantes			1	Alocacao de potencia de uplink entre RATs, nao de recursos		
QG001E	comunicacao_5g	especifica	concessao configurada de enlace ascendente e escalonamento semi-persistente em 5G NR	Patentes sobre configured grant de uplink, escalonamento semi-persistente (SPS), ativacao ou liberacao por DCI, ou alocacao periodica de recursos de enlace ascendente em NR/LTE	Alocacao dinamica por concessao convencional; selecao de recursos de sidelink; procedimentos de acesso aleatorio	BR112023006276		OTIMIZANDO O KERNEL DE GPU COM ABORDAGEM DE SIMO PARA INFRA-ESCALONAMENTO UTILIZANDO CACHE DE GPU	OTIMIZANDO O KERNEL DE GPU COM ABORDAGEM DE SIMO PARA INFRA-ESCALONAMENTO UTILIZANDO CACHE DE GPU.A presente revelação se refere a métodos e dispositivos para processamento gráfico que inclui um aparelho. Em alguns aspectos, o aparelho pode determinar uma primeira área de pixel de entrada de uma imagem de entrada e uma segunda área de pixel de entrada da imagem de entrada. O aparelho também pode converter pelo menos um dentre um ou mais primeiros pixels de entrada de uma pluralidade de primeiros pixels de entrada ou um ou mais segundos pixels de entrada de uma pluralidade de segundos pixels de entrada. Além disso, o aparelho pode armazenar, em pelo menos um cache ou memória, pelo menos um convertido dentre um ou mais primeiros pixels de entrada ou um ou mais segundos pixels de entrada. O aparelho também pode configurar pelo menos um dentre um ou mais primeiros pixels de saída de uma pluralidade de primeiros pixels de saída ou um ou mais segundos pixels de saída de uma pluralidade de segundos pixels de saída.	pooling_derivadas	bm25_4variantes			0	Escalonamento de kernel de GPU; casou por 'escalonamento'		
QG001E	comunicacao_5g	especifica	concessao configurada de enlace ascendente e escalonamento semi-persistente em 5G NR	Patentes sobre configured grant de uplink, escalonamento semi-persistente (SPS), ativacao ou liberacao por DCI, ou alocacao periodica de recursos de enlace ascendente em NR/LTE	Alocacao dinamica por concessao convencional; selecao de recursos de sidelink; procedimentos de acesso aleatorio	BR202021002865		DISPOSIÇÃO APLICADA EM MECANISMO DISTRIBUIDOR DE MUDAS COM MOVIMENTO SÍNCRONO VERTICAL PARA TRANSPLANTADORAS.	DISPOSIÇÃO APLICADA EM MECANISMO DISTRIBUIDOR DE MUDAS COM MOVIMENTO SÍNCRONO VERTICAL PARA TRANSPLANTADORAS. Compreende que rodas dentadas (18 e 24, 20 e 25) e respectivas correntes base (19) e elevada (21), nas quais está fixado o tubo (5) distribuidor de mudas por meio de mancais (26) possibilitam a deposição de mudas, pela abertura de uma portinhola através de um came (29), sem nenhum dano à mesma uma vez que o referido tubo (5) distribuidor de mudas perfaz um movimento ascendente vertical imediatamente após o plantio.	pooling_derivadas	bm25_4variantes			0	Mecanismo distribuidor de mudas; casou por 'configurada'		
QG001E	comunicacao_5g	especifica	concessao configurada de enlace ascendente e escalonamento semi-persistente em 5G NR	Patentes sobre configured grant de uplink, escalonamento semi-persistente (SPS), ativacao ou liberacao por DCI, ou alocacao periodica de recursos de enlace ascendente em NR/LTE	Alocacao dinamica por concessao convencional; selecao de recursos de sidelink; procedimentos de acesso aleatorio	BR112018076655		CONVERSOR DE NÍVEL DE TENSÃO, MÉTODO PARA REALIZAR CONVERSÃO DE NÍVEL DE TENSÃO USANDO UM CONVERSOR DE NÍVEL DE TENSÃO E INTERFACE	Um conversor de nível de voltagem inclui uma primeira porta NOR (250) tendo uma primeira entrada (252) configurada para receber um primeiro sinal de entrada (D_N) em um primeiro domínio de energia, uma segunda entrada (255) configurada para receber um sinal de ativação (ENB) em um segundo domínio de energia, uma terceira entrada (257) e uma saída (Z). O conversor de nível de voltagem também inclui uma segunda porta NOR (220) tendo uma primeira entrada (222) configurada para receber um segundo sinal de entrada (D) no primeiro domínio de energia, uma segunda entrada (225) configurada para receber o sinal de ativação no segundo domínio de energia, uma terceira entrada (227) acoplada à saída da primeira porta NOR, e uma saída (Z_N) acoplada à terceira entrada da primeira porta NOR. As primeira e segunda portas NOR são alimentadas por uma voltagem de alimentação do segundo domínio de energia.	pooling_derivadas	bm25_4variantes			0	Conversor de nivel de tensao		
